-- MySQL dump 10.13  Distrib 8.0.33, for macos13 (arm64)
--
-- Host: 127.0.0.1    Database: kinotalk
-- ------------------------------------------------------
-- Server version	8.0.32

/*!40101 SET @OLD_CHARACTER_SET_CLIENT=@@CHARACTER_SET_CLIENT */;
/*!40101 SET @OLD_CHARACTER_SET_RESULTS=@@CHARACTER_SET_RESULTS */;
/*!40101 SET @OLD_COLLATION_CONNECTION=@@COLLATION_CONNECTION */;
/*!50503 SET NAMES utf8 */;
/*!40103 SET @OLD_TIME_ZONE=@@TIME_ZONE */;
/*!40103 SET TIME_ZONE='+00:00' */;
/*!40014 SET @OLD_UNIQUE_CHECKS=@@UNIQUE_CHECKS, UNIQUE_CHECKS=0 */;
/*!40014 SET @OLD_FOREIGN_KEY_CHECKS=@@FOREIGN_KEY_CHECKS, FOREIGN_KEY_CHECKS=0 */;
/*!40101 SET @OLD_SQL_MODE=@@SQL_MODE, SQL_MODE='NO_AUTO_VALUE_ON_ZERO' */;
/*!40111 SET @OLD_SQL_NOTES=@@SQL_NOTES, SQL_NOTES=0 */;

--
-- Table structure for table `articles`
--

DROP TABLE IF EXISTS `articles`;
/*!40101 SET @saved_cs_client     = @@character_set_client */;
/*!50503 SET character_set_client = utf8mb4 */;
CREATE TABLE `articles` (
  `id` bigint unsigned NOT NULL AUTO_INCREMENT,
  `user_id` bigint unsigned NOT NULL,
  `category_id` int unsigned NOT NULL,
  `title` varchar(255) CHARACTER SET utf8mb4 COLLATE utf8mb4_unicode_ci NOT NULL,
  `seo_title` varchar(255) CHARACTER SET utf8mb4 COLLATE utf8mb4_unicode_ci DEFAULT NULL,
  `excerpt` text CHARACTER SET utf8mb4 COLLATE utf8mb4_unicode_ci,
  `body` text CHARACTER SET utf8mb4 COLLATE utf8mb4_unicode_ci NOT NULL,
  `image` varchar(255) CHARACTER SET utf8mb4 COLLATE utf8mb4_unicode_ci DEFAULT NULL,
  `slug` varchar(255) CHARACTER SET utf8mb4 COLLATE utf8mb4_unicode_ci DEFAULT NULL,
  `meta_description` text CHARACTER SET utf8mb4 COLLATE utf8mb4_unicode_ci,
  `meta_keywords` text CHARACTER SET utf8mb4 COLLATE utf8mb4_unicode_ci,
  `status` enum('PUBLISHED','DRAFT','PENDING') CHARACTER SET utf8mb4 COLLATE utf8mb4_unicode_ci NOT NULL DEFAULT 'DRAFT',
  `featured` tinyint(1) NOT NULL DEFAULT '0',
  `created_at` timestamp NULL DEFAULT NULL,
  `updated_at` timestamp NULL DEFAULT NULL,
  `deleted_at` timestamp NULL DEFAULT NULL,
  `love_reactant_id` bigint unsigned DEFAULT NULL,
  `active` tinyint(1) NOT NULL DEFAULT '1',
  PRIMARY KEY (`id`),
  KEY `articles_user_id_index` (`user_id`),
  KEY `articles_category_id_index` (`category_id`),
  KEY `articles_love_reactant_id_foreign` (`love_reactant_id`),
  CONSTRAINT `articles_category_id_foreign` FOREIGN KEY (`category_id`) REFERENCES `categories` (`id`),
  CONSTRAINT `articles_love_reactant_id_foreign` FOREIGN KEY (`love_reactant_id`) REFERENCES `love_reactants` (`id`),
  CONSTRAINT `articles_user_id_foreign` FOREIGN KEY (`user_id`) REFERENCES `users` (`id`) ON DELETE CASCADE
) ENGINE=InnoDB AUTO_INCREMENT=7 DEFAULT CHARSET=utf8mb4 COLLATE=utf8mb4_unicode_ci;
/*!40101 SET character_set_client = @saved_cs_client */;

--
-- Dumping data for table `articles`
--

LOCK TABLES `articles` WRITE;
/*!40000 ALTER TABLE `articles` DISABLE KEYS */;
INSERT INTO `articles` VALUES (1,11,5,'Не все без ума от Мидж: Каким вышел четвертый сезон «Удивительной миссис Мейзел»?',NULL,NULL,'<p><span style=\"font-size: 18pt;\">Одно из главных обстоятельств новых восьми эпизодов, которое может вызвать протест, </span><span style=\"font-size: 18pt;\">&mdash; исчезновение центра притяжения.</span><br><span style=\"font-size: 18pt;\">Поначалу им был клуб &laquo;Газлайт&raquo;, во втором сезоне &mdash; курорт Катскилл, окутанный пеленой </span><span style=\"font-size: 18pt;\">объяснений с родителями, а в третьем &mdash; турне и навык жизни в дороге.</span><br><span style=\"font-size: 18pt;\">Теперь Мидж отдана самой себе: комикесса находит постоянную работу в нелегальном </span><span style=\"font-size: 18pt;\">стриптиз-клубе и отказывается от предложений открывать концерты больших звезд </span><span style=\"font-size: 18pt;\">(и даже выступать на разогреве у своей заклятой врагини Софи Леннон).</span></p>',NULL,'ne-vse-bez-uma-ot-midz-kakim-vysel-cetvertyi-sezon-udivitelnoi-missis-meizel',NULL,NULL,'PENDING',0,'2023-05-15 21:00:00','2023-05-16 21:00:00',NULL,1,0),(2,12,4,'В&nbsp;трейлере фильма &laquo;Марвелы&raquo; намекнули на&nbsp;Стражей Галактики?',NULL,NULL,'<p><span style=\"font-size: 18pt;\">Студия Марвел представила первый трейлер экранизации комиксов \"Марвелы\", и в нем содержатся некоторые элементы, намекающие</span><br><span style=\"font-size: 18pt;\">на связь с другими популярным фильмом - \"Стражи Галактики\".</span></p>',NULL,'vnbsptreilere-filma-laquomarvelyraquo-nameknuli-nanbspstrazei-galaktiki',NULL,NULL,'DRAFT',0,'2023-05-16 21:00:00','2023-05-17 07:42:14',NULL,2,0),(3,11,2,'&laquo;Очень странные дела&raquo; станут анимационным сериалом?',NULL,NULL,'<p><span style=\"font-size: 18pt;\">Netflix объявил о работе над анимационным сериалом по вселенной &laquo;Очень странных дел&raquo;. Автором мультсериала выступит Эрик Роблз,</span><br><span style=\"font-size: 18pt;\">продюсерами станут братья Мэтт и Росс Дафферы, а их компания Upside Down Pictures займется производством, сообщает Variety</span></p>',NULL,'laquoocen-strannye-delaraquo-stanut-animacionnym-serialom',NULL,NULL,'DRAFT',0,NULL,'2023-05-17 07:41:34',NULL,3,0),(4,11,2,'Фишер, это жуткий сериал, про манька который убивал..',NULL,NULL,'<p><span style=\"font-size: 18pt;\">В названии основанного на реальных событиях сериала скрывается имя маньяка, которого ищут следователи. Фишер &mdash; прозвище Сергея Головкина.</span><br><span style=\"font-size: 18pt;\">Жертвами преступника с 1986-го по 1992 год в Одинцовском районе Московской области стали как минимум 11 мальчиков и юношей.</span></p>',NULL,'fiser-eto-zutkii-serial-pro-manka-kotoryi-ubival',NULL,NULL,'DRAFT',0,'2023-05-16 21:00:00','2023-05-17 07:40:58',NULL,4,0),(5,6,1,'«Океаны» предлагают зрителю заглянуть в волшебный...',NULL,NULL,'<p><span style=\"font-size: 18pt;\">&laquo;Как можно искупить преступления ловцов, срезающих живым акулам плавники и бросающих их обратно в воду, оставляя погибать от шока и удушья?&raquo; &mdash;</span><br><span style=\"font-size: 18pt;\">сказала в одном интервью вокалистка Dead Can Dance и обладательница чарующего голоса Лайза Джеррард.</span></p>',NULL,'okeany-predlagaiut-zriteliu-zaglianut-v-volsebnyi',NULL,NULL,'DRAFT',0,'2023-05-16 21:00:00','2023-05-17 07:38:01',NULL,5,0),(6,1,1,'dfgd',NULL,NULL,'<p>gdgdgdg</p>',NULL,'dgdg',NULL,NULL,'DRAFT',0,NULL,'2023-05-26 10:34:41','2023-05-26 10:34:41',6,0);
/*!40000 ALTER TABLE `articles` ENABLE KEYS */;
UNLOCK TABLES;

--
-- Table structure for table `categories`
--

DROP TABLE IF EXISTS `categories`;
/*!40101 SET @saved_cs_client     = @@character_set_client */;
/*!50503 SET character_set_client = utf8mb4 */;
CREATE TABLE `categories` (
  `id` int unsigned NOT NULL AUTO_INCREMENT,
  `order` int NOT NULL DEFAULT '1',
  `name` varchar(255) CHARACTER SET utf8mb4 COLLATE utf8mb4_unicode_ci NOT NULL,
  `slug` varchar(255) CHARACTER SET utf8mb4 COLLATE utf8mb4_unicode_ci NOT NULL,
  `created_at` timestamp NULL DEFAULT NULL,
  `updated_at` timestamp NULL DEFAULT NULL,
  `deleted_at` timestamp NULL DEFAULT NULL,
  PRIMARY KEY (`id`),
  UNIQUE KEY `categories_slug_unique` (`slug`)
) ENGINE=InnoDB AUTO_INCREMENT=7 DEFAULT CHARSET=utf8mb4 COLLATE=utf8mb4_unicode_ci;
/*!40101 SET character_set_client = @saved_cs_client */;

--
-- Dumping data for table `categories`
--

LOCK TABLES `categories` WRITE;
/*!40000 ALTER TABLE `categories` DISABLE KEYS */;
INSERT INTO `categories` VALUES (1,1,'Новинки кино','novinki-kino','2023-05-12 21:00:00','2023-05-12 21:00:00',NULL),(2,1,'Сериалы','serialy','2023-05-12 21:00:00','2023-05-12 21:00:00',NULL),(3,1,'Комиксы','komiksy','2023-05-12 21:00:00','2023-05-12 21:00:00',NULL),(4,1,'Франшизы','franshizy','2023-05-12 21:00:00','2023-05-12 21:00:00',NULL),(5,1,'Новости кино','novosti-kino','2023-05-12 21:00:00','2023-05-12 21:00:00',NULL),(6,1,'Киноновости со всего мира','kinonovosti-so-vsego-mira','2023-05-14 21:00:00','2023-05-14 21:00:00',NULL);
/*!40000 ALTER TABLE `categories` ENABLE KEYS */;
UNLOCK TABLES;

--
-- Table structure for table `comments`
--

DROP TABLE IF EXISTS `comments`;
/*!40101 SET @saved_cs_client     = @@character_set_client */;
/*!50503 SET character_set_client = utf8mb4 */;
CREATE TABLE `comments` (
  `id` bigint unsigned NOT NULL AUTO_INCREMENT,
  `user_id` bigint unsigned NOT NULL,
  `article_id` bigint unsigned NOT NULL,
  `text` text CHARACTER SET utf8mb4 COLLATE utf8mb4_unicode_ci NOT NULL,
  `status` enum('PUBLISHED','DRAFT','PENDING') CHARACTER SET utf8mb4 COLLATE utf8mb4_unicode_ci NOT NULL DEFAULT 'DRAFT',
  `active` tinyint(1) NOT NULL DEFAULT '0',
  `created_at` timestamp NULL DEFAULT NULL,
  `updated_at` timestamp NULL DEFAULT NULL,
  `deleted_at` timestamp NULL DEFAULT NULL,
  PRIMARY KEY (`id`),
  KEY `comments_user_id_index` (`user_id`),
  KEY `comments_article_id_index` (`article_id`),
  CONSTRAINT `comments_article_id_foreign` FOREIGN KEY (`article_id`) REFERENCES `articles` (`id`) ON DELETE CASCADE,
  CONSTRAINT `comments_user_id_foreign` FOREIGN KEY (`user_id`) REFERENCES `users` (`id`) ON DELETE CASCADE
) ENGINE=InnoDB AUTO_INCREMENT=6 DEFAULT CHARSET=utf8mb4 COLLATE=utf8mb4_unicode_ci;
/*!40101 SET character_set_client = @saved_cs_client */;

--
-- Dumping data for table `comments`
--

LOCK TABLES `comments` WRITE;
/*!40000 ALTER TABLE `comments` DISABLE KEYS */;
INSERT INTO `comments` VALUES (1,6,1,'Хорошая статья!','PENDING',0,'2023-05-24 21:00:00',NULL,NULL),(2,10,1,'Нормалёк )))','PENDING',0,'2023-05-24 21:00:00',NULL,NULL),(3,7,2,'Хорошая статья!','PENDING',0,'2023-05-24 21:00:00',NULL,NULL),(4,12,2,'Здорово написано!','PENDING',0,'2023-05-24 21:00:00',NULL,NULL),(5,8,3,'Хорошая статья!','PENDING',0,'2023-05-24 21:00:00',NULL,NULL);
/*!40000 ALTER TABLE `comments` ENABLE KEYS */;
UNLOCK TABLES;

--
-- Table structure for table `failed_jobs`
--

DROP TABLE IF EXISTS `failed_jobs`;
/*!40101 SET @saved_cs_client     = @@character_set_client */;
/*!50503 SET character_set_client = utf8mb4 */;
CREATE TABLE `failed_jobs` (
  `id` bigint unsigned NOT NULL AUTO_INCREMENT,
  `uuid` varchar(255) CHARACTER SET utf8mb4 COLLATE utf8mb4_unicode_ci NOT NULL,
  `connection` text CHARACTER SET utf8mb4 COLLATE utf8mb4_unicode_ci NOT NULL,
  `queue` text CHARACTER SET utf8mb4 COLLATE utf8mb4_unicode_ci NOT NULL,
  `payload` longtext CHARACTER SET utf8mb4 COLLATE utf8mb4_unicode_ci NOT NULL,
  `exception` longtext CHARACTER SET utf8mb4 COLLATE utf8mb4_unicode_ci NOT NULL,
  `failed_at` timestamp NOT NULL DEFAULT CURRENT_TIMESTAMP,
  PRIMARY KEY (`id`),
  UNIQUE KEY `failed_jobs_uuid_unique` (`uuid`)
) ENGINE=InnoDB DEFAULT CHARSET=utf8mb4 COLLATE=utf8mb4_unicode_ci;
/*!40101 SET character_set_client = @saved_cs_client */;

--
-- Dumping data for table `failed_jobs`
--

LOCK TABLES `failed_jobs` WRITE;
/*!40000 ALTER TABLE `failed_jobs` DISABLE KEYS */;
/*!40000 ALTER TABLE `failed_jobs` ENABLE KEYS */;
UNLOCK TABLES;

--
-- Table structure for table `love_reactant_reaction_counters`
--

DROP TABLE IF EXISTS `love_reactant_reaction_counters`;
/*!40101 SET @saved_cs_client     = @@character_set_client */;
/*!50503 SET character_set_client = utf8mb4 */;
CREATE TABLE `love_reactant_reaction_counters` (
  `id` bigint unsigned NOT NULL AUTO_INCREMENT,
  `reactant_id` bigint unsigned NOT NULL,
  `reaction_type_id` bigint unsigned NOT NULL,
  `count` bigint unsigned NOT NULL,
  `weight` decimal(13,2) NOT NULL,
  `created_at` timestamp NULL DEFAULT NULL,
  `updated_at` timestamp NULL DEFAULT NULL,
  PRIMARY KEY (`id`),
  KEY `love_reactant_reaction_counters_reactant_reaction_type_index` (`reactant_id`,`reaction_type_id`),
  KEY `love_reactant_reaction_counters_reaction_type_id_foreign` (`reaction_type_id`),
  CONSTRAINT `love_reactant_reaction_counters_reactant_id_foreign` FOREIGN KEY (`reactant_id`) REFERENCES `love_reactants` (`id`) ON DELETE CASCADE,
  CONSTRAINT `love_reactant_reaction_counters_reaction_type_id_foreign` FOREIGN KEY (`reaction_type_id`) REFERENCES `love_reaction_types` (`id`) ON DELETE CASCADE
) ENGINE=InnoDB DEFAULT CHARSET=utf8mb4 COLLATE=utf8mb4_unicode_ci;
/*!40101 SET character_set_client = @saved_cs_client */;

--
-- Dumping data for table `love_reactant_reaction_counters`
--

LOCK TABLES `love_reactant_reaction_counters` WRITE;
/*!40000 ALTER TABLE `love_reactant_reaction_counters` DISABLE KEYS */;
/*!40000 ALTER TABLE `love_reactant_reaction_counters` ENABLE KEYS */;
UNLOCK TABLES;

--
-- Table structure for table `love_reactant_reaction_totals`
--

DROP TABLE IF EXISTS `love_reactant_reaction_totals`;
/*!40101 SET @saved_cs_client     = @@character_set_client */;
/*!50503 SET character_set_client = utf8mb4 */;
CREATE TABLE `love_reactant_reaction_totals` (
  `id` bigint unsigned NOT NULL AUTO_INCREMENT,
  `reactant_id` bigint unsigned NOT NULL,
  `count` bigint unsigned NOT NULL,
  `weight` decimal(13,2) NOT NULL,
  `created_at` timestamp NULL DEFAULT NULL,
  `updated_at` timestamp NULL DEFAULT NULL,
  PRIMARY KEY (`id`),
  KEY `love_reactant_reaction_totals_reactant_id_foreign` (`reactant_id`),
  CONSTRAINT `love_reactant_reaction_totals_reactant_id_foreign` FOREIGN KEY (`reactant_id`) REFERENCES `love_reactants` (`id`) ON DELETE CASCADE
) ENGINE=InnoDB DEFAULT CHARSET=utf8mb4 COLLATE=utf8mb4_unicode_ci;
/*!40101 SET character_set_client = @saved_cs_client */;

--
-- Dumping data for table `love_reactant_reaction_totals`
--

LOCK TABLES `love_reactant_reaction_totals` WRITE;
/*!40000 ALTER TABLE `love_reactant_reaction_totals` DISABLE KEYS */;
/*!40000 ALTER TABLE `love_reactant_reaction_totals` ENABLE KEYS */;
UNLOCK TABLES;

--
-- Table structure for table `love_reactants`
--

DROP TABLE IF EXISTS `love_reactants`;
/*!40101 SET @saved_cs_client     = @@character_set_client */;
/*!50503 SET character_set_client = utf8mb4 */;
CREATE TABLE `love_reactants` (
  `id` bigint unsigned NOT NULL AUTO_INCREMENT,
  `type` varchar(255) CHARACTER SET utf8mb4 COLLATE utf8mb4_unicode_ci NOT NULL,
  `created_at` timestamp NULL DEFAULT NULL,
  `updated_at` timestamp NULL DEFAULT NULL,
  PRIMARY KEY (`id`),
  KEY `love_reactants_type_index` (`type`)
) ENGINE=InnoDB AUTO_INCREMENT=7 DEFAULT CHARSET=utf8mb4 COLLATE=utf8mb4_unicode_ci;
/*!40101 SET character_set_client = @saved_cs_client */;

--
-- Dumping data for table `love_reactants`
--

LOCK TABLES `love_reactants` WRITE;
/*!40000 ALTER TABLE `love_reactants` DISABLE KEYS */;
INSERT INTO `love_reactants` VALUES (1,'App\\Models\\Article','2023-05-16 13:40:53','2023-05-16 13:40:53'),(2,'App\\Models\\Article','2023-05-17 05:30:32','2023-05-17 05:30:32'),(3,'App\\Models\\Article','2023-05-17 05:32:57','2023-05-17 05:32:57'),(4,'App\\Models\\Article','2023-05-17 05:35:16','2023-05-17 05:35:16'),(5,'App\\Models\\Article','2023-05-17 05:37:31','2023-05-17 05:37:31'),(6,'App\\Models\\Article','2023-05-26 09:55:06','2023-05-26 09:55:06');
/*!40000 ALTER TABLE `love_reactants` ENABLE KEYS */;
UNLOCK TABLES;

--
-- Table structure for table `love_reacters`
--

DROP TABLE IF EXISTS `love_reacters`;
/*!40101 SET @saved_cs_client     = @@character_set_client */;
/*!50503 SET character_set_client = utf8mb4 */;
CREATE TABLE `love_reacters` (
  `id` bigint unsigned NOT NULL AUTO_INCREMENT,
  `type` varchar(255) CHARACTER SET utf8mb4 COLLATE utf8mb4_unicode_ci NOT NULL,
  `created_at` timestamp NULL DEFAULT NULL,
  `updated_at` timestamp NULL DEFAULT NULL,
  PRIMARY KEY (`id`),
  KEY `love_reacters_type_index` (`type`)
) ENGINE=InnoDB AUTO_INCREMENT=16 DEFAULT CHARSET=utf8mb4 COLLATE=utf8mb4_unicode_ci;
/*!40101 SET character_set_client = @saved_cs_client */;

--
-- Dumping data for table `love_reacters`
--

LOCK TABLES `love_reacters` WRITE;
/*!40000 ALTER TABLE `love_reacters` DISABLE KEYS */;
INSERT INTO `love_reacters` VALUES (1,'App\\Models\\User','2023-05-13 11:18:14','2023-05-13 11:18:14'),(2,'App\\Models\\User','2023-05-13 11:18:15','2023-05-13 11:18:15'),(3,'App\\Models\\User','2023-05-13 11:18:15','2023-05-13 11:18:15'),(4,'App\\Models\\User','2023-05-13 11:18:16','2023-05-13 11:18:16'),(5,'App\\Models\\User','2023-05-13 11:18:16','2023-05-13 11:18:16'),(6,'App\\Models\\User','2023-05-13 14:35:41','2023-05-13 14:35:41'),(7,'App\\Models\\User','2023-05-13 14:37:04','2023-05-13 14:37:04'),(8,'App\\Models\\User','2023-05-13 14:38:33','2023-05-13 14:38:33'),(9,'App\\Models\\User','2023-05-13 14:39:48','2023-05-13 14:39:48'),(10,'App\\Models\\User','2023-05-13 14:41:05','2023-05-13 14:41:05'),(11,'App\\Models\\User','2023-05-13 14:42:34','2023-05-13 14:42:34'),(12,'App\\Models\\User','2023-05-13 14:43:50','2023-05-13 14:43:50'),(13,'App\\Models\\User','2023-05-13 14:45:01','2023-05-13 14:45:01'),(14,'App\\Models\\User','2023-05-13 14:46:22','2023-05-13 14:46:22'),(15,'App\\Models\\User','2023-05-26 10:39:34','2023-05-26 10:39:34');
/*!40000 ALTER TABLE `love_reacters` ENABLE KEYS */;
UNLOCK TABLES;

--
-- Table structure for table `love_reaction_types`
--

DROP TABLE IF EXISTS `love_reaction_types`;
/*!40101 SET @saved_cs_client     = @@character_set_client */;
/*!50503 SET character_set_client = utf8mb4 */;
CREATE TABLE `love_reaction_types` (
  `id` bigint unsigned NOT NULL AUTO_INCREMENT,
  `name` varchar(255) CHARACTER SET utf8mb4 COLLATE utf8mb4_unicode_ci NOT NULL,
  `mass` tinyint NOT NULL,
  `created_at` timestamp NULL DEFAULT NULL,
  `updated_at` timestamp NULL DEFAULT NULL,
  PRIMARY KEY (`id`),
  KEY `love_reaction_types_name_index` (`name`)
) ENGINE=InnoDB AUTO_INCREMENT=3 DEFAULT CHARSET=utf8mb4 COLLATE=utf8mb4_unicode_ci;
/*!40101 SET character_set_client = @saved_cs_client */;

--
-- Dumping data for table `love_reaction_types`
--

LOCK TABLES `love_reaction_types` WRITE;
/*!40000 ALTER TABLE `love_reaction_types` DISABLE KEYS */;
INSERT INTO `love_reaction_types` VALUES (1,'Like',1,'2023-05-13 11:18:09','2023-05-13 11:18:09'),(2,'Dislike',-1,'2023-05-13 11:18:09','2023-05-13 11:18:09');
/*!40000 ALTER TABLE `love_reaction_types` ENABLE KEYS */;
UNLOCK TABLES;

--
-- Table structure for table `love_reactions`
--

DROP TABLE IF EXISTS `love_reactions`;
/*!40101 SET @saved_cs_client     = @@character_set_client */;
/*!50503 SET character_set_client = utf8mb4 */;
CREATE TABLE `love_reactions` (
  `id` bigint unsigned NOT NULL AUTO_INCREMENT,
  `reactant_id` bigint unsigned NOT NULL,
  `reacter_id` bigint unsigned NOT NULL,
  `reaction_type_id` bigint unsigned NOT NULL,
  `rate` decimal(4,2) NOT NULL,
  `created_at` timestamp NULL DEFAULT NULL,
  `updated_at` timestamp NULL DEFAULT NULL,
  PRIMARY KEY (`id`),
  KEY `love_reactions_reactant_id_reaction_type_id_index` (`reactant_id`,`reaction_type_id`),
  KEY `love_reactions_reactant_id_reacter_id_reaction_type_id_index` (`reactant_id`,`reacter_id`,`reaction_type_id`),
  KEY `love_reactions_reactant_id_reacter_id_index` (`reactant_id`,`reacter_id`),
  KEY `love_reactions_reacter_id_reaction_type_id_index` (`reacter_id`,`reaction_type_id`),
  KEY `love_reactions_reaction_type_id_foreign` (`reaction_type_id`),
  CONSTRAINT `love_reactions_reactant_id_foreign` FOREIGN KEY (`reactant_id`) REFERENCES `love_reactants` (`id`) ON DELETE CASCADE,
  CONSTRAINT `love_reactions_reacter_id_foreign` FOREIGN KEY (`reacter_id`) REFERENCES `love_reacters` (`id`) ON DELETE CASCADE,
  CONSTRAINT `love_reactions_reaction_type_id_foreign` FOREIGN KEY (`reaction_type_id`) REFERENCES `love_reaction_types` (`id`) ON DELETE CASCADE
) ENGINE=InnoDB DEFAULT CHARSET=utf8mb4 COLLATE=utf8mb4_unicode_ci;
/*!40101 SET character_set_client = @saved_cs_client */;

--
-- Dumping data for table `love_reactions`
--

LOCK TABLES `love_reactions` WRITE;
/*!40000 ALTER TABLE `love_reactions` DISABLE KEYS */;
/*!40000 ALTER TABLE `love_reactions` ENABLE KEYS */;
UNLOCK TABLES;

--
-- Table structure for table `media`
--

DROP TABLE IF EXISTS `media`;
/*!40101 SET @saved_cs_client     = @@character_set_client */;
/*!50503 SET character_set_client = utf8mb4 */;
CREATE TABLE `media` (
  `id` bigint unsigned NOT NULL AUTO_INCREMENT,
  `model_type` varchar(255) CHARACTER SET utf8mb4 COLLATE utf8mb4_unicode_ci NOT NULL,
  `model_id` bigint unsigned NOT NULL,
  `uuid` char(36) CHARACTER SET utf8mb4 COLLATE utf8mb4_unicode_ci DEFAULT NULL,
  `collection_name` varchar(255) CHARACTER SET utf8mb4 COLLATE utf8mb4_unicode_ci NOT NULL,
  `name` varchar(255) CHARACTER SET utf8mb4 COLLATE utf8mb4_unicode_ci NOT NULL,
  `file_name` varchar(255) CHARACTER SET utf8mb4 COLLATE utf8mb4_unicode_ci NOT NULL,
  `mime_type` varchar(255) CHARACTER SET utf8mb4 COLLATE utf8mb4_unicode_ci DEFAULT NULL,
  `disk` varchar(255) CHARACTER SET utf8mb4 COLLATE utf8mb4_unicode_ci NOT NULL,
  `conversions_disk` varchar(255) CHARACTER SET utf8mb4 COLLATE utf8mb4_unicode_ci DEFAULT NULL,
  `size` bigint unsigned NOT NULL,
  `manipulations` longtext CHARACTER SET utf8mb4 COLLATE utf8mb4_bin NOT NULL,
  `custom_properties` longtext CHARACTER SET utf8mb4 COLLATE utf8mb4_bin NOT NULL,
  `generated_conversions` longtext CHARACTER SET utf8mb4 COLLATE utf8mb4_bin NOT NULL,
  `responsive_images` longtext CHARACTER SET utf8mb4 COLLATE utf8mb4_bin NOT NULL,
  `order_column` int unsigned DEFAULT NULL,
  `created_at` timestamp NULL DEFAULT NULL,
  `updated_at` timestamp NULL DEFAULT NULL,
  PRIMARY KEY (`id`),
  UNIQUE KEY `media_uuid_unique` (`uuid`),
  KEY `media_model_type_model_id_index` (`model_type`,`model_id`),
  KEY `media_order_column_index` (`order_column`),
  CONSTRAINT `media_chk_1` CHECK (json_valid(`manipulations`)),
  CONSTRAINT `media_chk_2` CHECK (json_valid(`custom_properties`)),
  CONSTRAINT `media_chk_3` CHECK (json_valid(`generated_conversions`)),
  CONSTRAINT `media_chk_4` CHECK (json_valid(`responsive_images`))
) ENGINE=InnoDB AUTO_INCREMENT=23 DEFAULT CHARSET=utf8mb4 COLLATE=utf8mb4_unicode_ci;
/*!40101 SET character_set_client = @saved_cs_client */;

--
-- Dumping data for table `media`
--

LOCK TABLES `media` WRITE;
/*!40000 ALTER TABLE `media` DISABLE KEYS */;
INSERT INTO `media` VALUES (1,'App\\Models\\Category',1,'475e57af-ee28-4de3-a749-038cc6713a28','cover','Mira','Mira.png','image/png','public','public',223332,'[]','[]','{\"preview\":true,\"thumb\":true}','[]',1,'2023-05-13 11:26:25','2023-05-13 11:26:26'),(2,'App\\Models\\Category',2,'15208719-990c-494f-8a00-227b185da9e3','cover','Sansara','Sansara.png','image/png','public','public',2477726,'[]','[]','{\"preview\":true,\"thumb\":true}','[]',1,'2023-05-13 11:35:05','2023-05-13 11:35:07'),(3,'App\\Models\\Category',3,'cec97a40-8e7d-46e1-8204-3229db9d0b02','cover','GuardiansOfTheGalaxy','GuardiansOfTheGalaxy.png','image/png','public','public',1464983,'[]','[]','{\"preview\":true,\"thumb\":true}','[]',1,'2023-05-13 11:35:55','2023-05-13 11:35:56'),(4,'App\\Models\\Category',4,'84ab708f-b011-4cd4-858d-8e5344bdf508','cover','HarryPotter','HarryPotter.png','image/png','public','public',2044388,'[]','[]','{\"preview\":true,\"thumb\":true}','[]',1,'2023-05-13 11:36:49','2023-05-13 11:36:50'),(5,'App\\Models\\User',6,'b2765dcd-155b-4f2b-a23d-32cb5319aadb','avatars','People1','People1.png','image/png','public','public',347353,'[]','[]','{\"preview\":true,\"avatars\":true}','[]',1,'2023-05-13 14:35:42','2023-05-13 14:35:45'),(6,'App\\Models\\User',7,'48a5c7a8-e7b5-4107-b330-f11491dc5e5a','avatars','People2','People2.png','image/png','public','public',325079,'[]','[]','{\"preview\":true,\"avatars\":true}','[]',1,'2023-05-13 14:37:04','2023-05-13 14:37:06'),(7,'App\\Models\\User',8,'f15d71de-f07b-4163-b3d2-a098f5023d4f','avatars','People26','People26.png','image/png','public','public',1983278,'[]','[]','{\"preview\":true,\"avatars\":true}','[]',1,'2023-05-13 14:38:34','2023-05-13 14:38:35'),(8,'App\\Models\\User',9,'2d546515-8f5e-464d-b81e-02d4737aba72','avatars','People4','People4.png','image/png','public','public',427870,'[]','[]','{\"preview\":true,\"avatars\":true}','[]',1,'2023-05-13 14:39:48','2023-05-13 14:39:50'),(9,'App\\Models\\User',10,'b14d2841-d915-47aa-b1a3-2c4499881383','avatars','People5','People5.png','image/png','public','public',184232,'[]','[]','{\"preview\":true,\"avatars\":true}','[]',1,'2023-05-13 14:41:05','2023-05-13 14:41:06'),(10,'App\\Models\\User',11,'364edf82-392b-4cfa-92ba-0e0f0adf43c2','avatars','People6','People6.png','image/png','public','public',156029,'[]','[]','{\"preview\":true,\"avatars\":true}','[]',1,'2023-05-13 14:42:34','2023-05-13 14:42:36'),(11,'App\\Models\\User',12,'ed4fa76a-b35d-491a-af78-a82638c42b28','avatars','People25','People25.png','image/png','public','public',1767926,'[]','[]','{\"preview\":true,\"avatars\":true}','[]',1,'2023-05-13 14:43:51','2023-05-13 14:43:52'),(12,'App\\Models\\User',13,'3849f07f-94f3-41ec-bdc1-f75b00923c9d','avatars','People13','People13.png','image/png','public','public',1479330,'[]','[]','{\"preview\":true,\"avatars\":true}','[]',1,'2023-05-13 14:45:01','2023-05-13 14:45:03'),(13,'App\\Models\\User',14,'702ff01a-d185-496a-9081-42bb6e0cce54','avatars','People21','People21.png','image/png','public','public',1230450,'[]','[]','{\"preview\":true,\"avatars\":true}','[]',1,'2023-05-13 14:46:22','2023-05-13 14:46:23'),(14,'App\\Models\\Article',1,'7caee38c-aca5-4e32-8b89-5ac39412e95a','sm_image','MrsMaisel','MrsMaisel.png','image/png','public','public',1739847,'[]','[]','{\"preview\":true,\"sm_image\":true}','[]',1,'2023-05-16 13:40:56','2023-05-16 13:41:03'),(15,'App\\Models\\Category',5,'daf95918-52b1-4046-a537-b4ddd66492bd','cover','Mira','Mira.png','image/png','public','public',223332,'[]','[]','{\"preview\":true,\"thumb\":true}','[]',1,'2023-05-16 19:29:30','2023-05-16 19:29:36'),(16,'App\\Models\\Category',6,'97e19fc1-bf4e-4da2-b346-45b68ba7fcb9','cover','news6','news6.png','image/png','public','public',2244357,'[]','[]','{\"preview\":true,\"thumb\":true}','[]',1,'2023-05-16 19:30:50','2023-05-16 19:30:51'),(17,'App\\Models\\Article',2,'5be1c28a-8f68-4af9-b958-4242e9d0d915','sm_image','marvel','marvel.png','image/png','public','public',895333,'[]','[]','{\"preview\":true,\"sm_image\":true}','[]',1,'2023-05-17 05:30:35','2023-05-17 05:30:42'),(18,'App\\Models\\Article',3,'9efb317b-4fa6-4ebb-80b6-c159b1a851e3','sm_image','VeryStrangeThings','VeryStrangeThings.png','image/png','public','public',2277721,'[]','[]','{\"preview\":true,\"sm_image\":true}','[]',1,'2023-05-17 05:32:57','2023-05-17 05:32:59'),(19,'App\\Models\\Article',4,'646cd1a4-7d9a-47f7-ae8b-f4327d5bc1e5','sm_image','Fisher','Fisher.png','image/png','public','public',2086496,'[]','[]','{\"preview\":true,\"sm_image\":true}','[]',1,'2023-05-17 05:35:16','2023-05-17 05:35:18'),(20,'App\\Models\\Article',5,'56195929-a9fd-4fa8-b275-94f6e027289b','sm_image','Oceans','Oceans.png','image/png','public','public',1165717,'[]','[]','{\"preview\":true,\"sm_image\":true}','[]',1,'2023-05-17 05:37:32','2023-05-17 05:37:33'),(21,'App\\Models\\Article',6,'3dab90b2-9908-4828-bf21-4c054d8fe872','sm_image','Снимок экрана 2023-05-26 в 17.53.27','Снимок-экрана-2023-05-26-в-17.53.27.png','image/png','public','public',26229,'[]','[]','{\"preview\":true,\"sm_image\":true}','[]',1,'2023-05-26 09:55:06','2023-05-26 09:55:06'),(22,'App\\Models\\User',15,'39b4b5d4-d22f-49d8-8636-2be530a8c3ce','avatars','kotik','kotik.jpeg','image/jpeg','public','public',51631,'[]','[]','{\"preview\":true,\"avatars\":true}','[]',1,'2023-05-26 10:39:34','2023-05-26 10:39:34');
/*!40000 ALTER TABLE `media` ENABLE KEYS */;
UNLOCK TABLES;

--
-- Table structure for table `migrations`
--

DROP TABLE IF EXISTS `migrations`;
/*!40101 SET @saved_cs_client     = @@character_set_client */;
/*!50503 SET character_set_client = utf8mb4 */;
CREATE TABLE `migrations` (
  `id` int unsigned NOT NULL AUTO_INCREMENT,
  `migration` varchar(255) CHARACTER SET utf8mb4 COLLATE utf8mb4_unicode_ci NOT NULL,
  `batch` int NOT NULL,
  PRIMARY KEY (`id`)
) ENGINE=InnoDB AUTO_INCREMENT=34 DEFAULT CHARSET=utf8mb4 COLLATE=utf8mb4_unicode_ci;
/*!40101 SET character_set_client = @saved_cs_client */;

--
-- Dumping data for table `migrations`
--

LOCK TABLES `migrations` WRITE;
/*!40000 ALTER TABLE `migrations` DISABLE KEYS */;
INSERT INTO `migrations` VALUES (1,'2014_10_12_000000_create_users_table',1),(2,'2014_10_12_100000_create_password_reset_tokens_table',1),(3,'2018_07_22_000100_create_love_reacters_table',1),(4,'2018_07_22_001000_create_love_reactants_table',1),(5,'2018_07_22_001500_create_love_reaction_types_table',1),(6,'2018_07_22_002000_create_love_reactions_table',1),(7,'2018_07_25_000000_create_love_reactant_reaction_counters_table',1),(8,'2018_07_25_001000_create_love_reactant_reaction_totals_table',1),(9,'2019_08_19_000000_create_failed_jobs_table',1),(10,'2019_12_14_000001_create_personal_access_tokens_table',1),(11,'2020_10_04_115514_create_moonshine_roles_table',1),(12,'2020_10_05_173148_create_moonshine_tables',1),(13,'2022_04_14_115549_create_moonshine_change_logs_table',1),(14,'2022_12_19_115549_create_moonshine_socialites_table',1),(15,'2023_01_20_173629_create_moonshine_user_permissions_table',1),(16,'2023_04_21_092406_create_profiles_table',1),(17,'2023_05_04_063700_create_categories_table',1),(18,'2023_05_04_063724_create_articles_table',1),(19,'2023_05_04_063730_create_sources_table',1),(20,'2023_05_04_063750_create_news_table',1),(21,'2023_05_04_064043_create_comments_table',1),(22,'2023_05_04_085412_create_permission_tables',1),(23,'2023_05_04_090542_create_taggable_table',1),(24,'2023_05_04_100565_add_love_reacter_id_to_users_table',1),(25,'2023_05_04_110758_add_love_reactant_id_to_articles_table',1),(26,'2023_05_04_203753_add_love_reactant_id_to_comments_table',1),(27,'2023_05_04_211083_add_deleted_at_to_users_table',1),(28,'2023_05_10_152548_create_media_table',1),(29,'9999_12_20_173629_create_notifications_table',1),(30,'2023_05_16_155615_add_active_to_articles_table',2),(31,'2023_05_16_160001_add_active_to_news_table',2),(32,'2023_05_16_160309_add_active_to_users_table',2),(33,'2023_05_23_120750_create_comments_table',3);
/*!40000 ALTER TABLE `migrations` ENABLE KEYS */;
UNLOCK TABLES;

--
-- Table structure for table `model_has_permissions`
--

DROP TABLE IF EXISTS `model_has_permissions`;
/*!40101 SET @saved_cs_client     = @@character_set_client */;
/*!50503 SET character_set_client = utf8mb4 */;
CREATE TABLE `model_has_permissions` (
  `permission_id` bigint unsigned NOT NULL,
  `model_type` varchar(255) CHARACTER SET utf8mb4 COLLATE utf8mb4_unicode_ci NOT NULL,
  `model_id` bigint unsigned NOT NULL,
  PRIMARY KEY (`permission_id`,`model_id`,`model_type`),
  KEY `model_has_permissions_model_id_model_type_index` (`model_id`,`model_type`),
  CONSTRAINT `model_has_permissions_permission_id_foreign` FOREIGN KEY (`permission_id`) REFERENCES `permissions` (`id`) ON DELETE CASCADE
) ENGINE=InnoDB DEFAULT CHARSET=utf8mb4 COLLATE=utf8mb4_unicode_ci;
/*!40101 SET character_set_client = @saved_cs_client */;

--
-- Dumping data for table `model_has_permissions`
--

LOCK TABLES `model_has_permissions` WRITE;
/*!40000 ALTER TABLE `model_has_permissions` DISABLE KEYS */;
/*!40000 ALTER TABLE `model_has_permissions` ENABLE KEYS */;
UNLOCK TABLES;

--
-- Table structure for table `model_has_roles`
--

DROP TABLE IF EXISTS `model_has_roles`;
/*!40101 SET @saved_cs_client     = @@character_set_client */;
/*!50503 SET character_set_client = utf8mb4 */;
CREATE TABLE `model_has_roles` (
  `role_id` bigint unsigned NOT NULL,
  `model_type` varchar(255) CHARACTER SET utf8mb4 COLLATE utf8mb4_unicode_ci NOT NULL,
  `model_id` bigint unsigned NOT NULL,
  PRIMARY KEY (`role_id`,`model_id`,`model_type`),
  KEY `model_has_roles_model_id_model_type_index` (`model_id`,`model_type`),
  CONSTRAINT `model_has_roles_role_id_foreign` FOREIGN KEY (`role_id`) REFERENCES `roles` (`id`) ON DELETE CASCADE
) ENGINE=InnoDB DEFAULT CHARSET=utf8mb4 COLLATE=utf8mb4_unicode_ci;
/*!40101 SET character_set_client = @saved_cs_client */;

--
-- Dumping data for table `model_has_roles`
--

LOCK TABLES `model_has_roles` WRITE;
/*!40000 ALTER TABLE `model_has_roles` DISABLE KEYS */;
INSERT INTO `model_has_roles` VALUES (1,'App\\Models\\User',1),(2,'App\\Models\\User',2),(3,'App\\Models\\User',3),(3,'App\\Models\\User',4),(4,'App\\Models\\User',5),(3,'App\\Models\\User',6),(4,'App\\Models\\User',6),(3,'App\\Models\\User',7),(4,'App\\Models\\User',7),(3,'App\\Models\\User',8),(4,'App\\Models\\User',8),(3,'App\\Models\\User',9),(4,'App\\Models\\User',9),(3,'App\\Models\\User',10),(4,'App\\Models\\User',10),(3,'App\\Models\\User',11),(4,'App\\Models\\User',11),(3,'App\\Models\\User',12),(4,'App\\Models\\User',12),(3,'App\\Models\\User',13),(4,'App\\Models\\User',13),(3,'App\\Models\\User',14),(4,'App\\Models\\User',14),(4,'App\\Models\\User',15);
/*!40000 ALTER TABLE `model_has_roles` ENABLE KEYS */;
UNLOCK TABLES;

--
-- Table structure for table `moonshine_change_logs`
--

DROP TABLE IF EXISTS `moonshine_change_logs`;
/*!40101 SET @saved_cs_client     = @@character_set_client */;
/*!50503 SET character_set_client = utf8mb4 */;
CREATE TABLE `moonshine_change_logs` (
  `id` bigint unsigned NOT NULL AUTO_INCREMENT,
  `moonshine_user_id` bigint unsigned NOT NULL,
  `changelogable_id` int NOT NULL,
  `changelogable_type` varchar(255) CHARACTER SET utf8mb4 COLLATE utf8mb4_unicode_ci NOT NULL,
  `states_before` longtext CHARACTER SET utf8mb4 COLLATE utf8mb4_unicode_ci NOT NULL,
  `states_after` longtext CHARACTER SET utf8mb4 COLLATE utf8mb4_unicode_ci NOT NULL,
  `created_at` timestamp NULL DEFAULT NULL,
  `updated_at` timestamp NULL DEFAULT NULL,
  PRIMARY KEY (`id`),
  KEY `moonshine_change_logs_moonshine_user_id_foreign` (`moonshine_user_id`),
  CONSTRAINT `moonshine_change_logs_moonshine_user_id_foreign` FOREIGN KEY (`moonshine_user_id`) REFERENCES `moonshine_users` (`id`) ON DELETE CASCADE ON UPDATE CASCADE
) ENGINE=InnoDB DEFAULT CHARSET=utf8mb4 COLLATE=utf8mb4_unicode_ci;
/*!40101 SET character_set_client = @saved_cs_client */;

--
-- Dumping data for table `moonshine_change_logs`
--

LOCK TABLES `moonshine_change_logs` WRITE;
/*!40000 ALTER TABLE `moonshine_change_logs` DISABLE KEYS */;
/*!40000 ALTER TABLE `moonshine_change_logs` ENABLE KEYS */;
UNLOCK TABLES;

--
-- Table structure for table `moonshine_socialites`
--

DROP TABLE IF EXISTS `moonshine_socialites`;
/*!40101 SET @saved_cs_client     = @@character_set_client */;
/*!50503 SET character_set_client = utf8mb4 */;
CREATE TABLE `moonshine_socialites` (
  `id` bigint unsigned NOT NULL AUTO_INCREMENT,
  `moonshine_user_id` bigint unsigned NOT NULL,
  `driver` varchar(255) CHARACTER SET utf8mb4 COLLATE utf8mb4_unicode_ci NOT NULL,
  `identity` varchar(255) CHARACTER SET utf8mb4 COLLATE utf8mb4_unicode_ci NOT NULL,
  `created_at` timestamp NULL DEFAULT NULL,
  `updated_at` timestamp NULL DEFAULT NULL,
  PRIMARY KEY (`id`),
  UNIQUE KEY `moonshine_socialites_driver_identity_unique` (`driver`,`identity`),
  KEY `moonshine_socialites_moonshine_user_id_foreign` (`moonshine_user_id`),
  CONSTRAINT `moonshine_socialites_moonshine_user_id_foreign` FOREIGN KEY (`moonshine_user_id`) REFERENCES `moonshine_users` (`id`) ON DELETE CASCADE ON UPDATE CASCADE
) ENGINE=InnoDB DEFAULT CHARSET=utf8mb4 COLLATE=utf8mb4_unicode_ci;
/*!40101 SET character_set_client = @saved_cs_client */;

--
-- Dumping data for table `moonshine_socialites`
--

LOCK TABLES `moonshine_socialites` WRITE;
/*!40000 ALTER TABLE `moonshine_socialites` DISABLE KEYS */;
/*!40000 ALTER TABLE `moonshine_socialites` ENABLE KEYS */;
UNLOCK TABLES;

--
-- Table structure for table `moonshine_user_permissions`
--

DROP TABLE IF EXISTS `moonshine_user_permissions`;
/*!40101 SET @saved_cs_client     = @@character_set_client */;
/*!50503 SET character_set_client = utf8mb4 */;
CREATE TABLE `moonshine_user_permissions` (
  `id` bigint unsigned NOT NULL AUTO_INCREMENT,
  `moonshine_user_id` bigint unsigned NOT NULL,
  `permissions` longtext CHARACTER SET utf8mb4 COLLATE utf8mb4_bin NOT NULL,
  `created_at` timestamp NULL DEFAULT NULL,
  `updated_at` timestamp NULL DEFAULT NULL,
  PRIMARY KEY (`id`),
  KEY `moonshine_user_permissions_moonshine_user_id_foreign` (`moonshine_user_id`),
  CONSTRAINT `moonshine_user_permissions_moonshine_user_id_foreign` FOREIGN KEY (`moonshine_user_id`) REFERENCES `moonshine_users` (`id`) ON DELETE CASCADE ON UPDATE CASCADE,
  CONSTRAINT `moonshine_user_permissions_chk_1` CHECK (json_valid(`permissions`))
) ENGINE=InnoDB DEFAULT CHARSET=utf8mb4 COLLATE=utf8mb4_unicode_ci;
/*!40101 SET character_set_client = @saved_cs_client */;

--
-- Dumping data for table `moonshine_user_permissions`
--

LOCK TABLES `moonshine_user_permissions` WRITE;
/*!40000 ALTER TABLE `moonshine_user_permissions` DISABLE KEYS */;
/*!40000 ALTER TABLE `moonshine_user_permissions` ENABLE KEYS */;
UNLOCK TABLES;

--
-- Table structure for table `moonshine_user_roles`
--

DROP TABLE IF EXISTS `moonshine_user_roles`;
/*!40101 SET @saved_cs_client     = @@character_set_client */;
/*!50503 SET character_set_client = utf8mb4 */;
CREATE TABLE `moonshine_user_roles` (
  `id` bigint unsigned NOT NULL AUTO_INCREMENT,
  `name` varchar(255) CHARACTER SET utf8mb4 COLLATE utf8mb4_unicode_ci NOT NULL,
  `created_at` timestamp NULL DEFAULT NULL,
  `updated_at` timestamp NULL DEFAULT NULL,
  PRIMARY KEY (`id`)
) ENGINE=InnoDB AUTO_INCREMENT=2 DEFAULT CHARSET=utf8mb4 COLLATE=utf8mb4_unicode_ci;
/*!40101 SET character_set_client = @saved_cs_client */;

--
-- Dumping data for table `moonshine_user_roles`
--

LOCK TABLES `moonshine_user_roles` WRITE;
/*!40000 ALTER TABLE `moonshine_user_roles` DISABLE KEYS */;
INSERT INTO `moonshine_user_roles` VALUES (1,'Admin','2023-05-13 11:17:21','2023-05-13 11:17:21');
/*!40000 ALTER TABLE `moonshine_user_roles` ENABLE KEYS */;
UNLOCK TABLES;

--
-- Table structure for table `moonshine_users`
--

DROP TABLE IF EXISTS `moonshine_users`;
/*!40101 SET @saved_cs_client     = @@character_set_client */;
/*!50503 SET character_set_client = utf8mb4 */;
CREATE TABLE `moonshine_users` (
  `id` bigint unsigned NOT NULL AUTO_INCREMENT,
  `moonshine_user_role_id` bigint unsigned NOT NULL DEFAULT '1',
  `email` varchar(190) CHARACTER SET utf8mb4 COLLATE utf8mb4_unicode_ci NOT NULL,
  `password` varchar(60) CHARACTER SET utf8mb4 COLLATE utf8mb4_unicode_ci NOT NULL,
  `name` varchar(255) CHARACTER SET utf8mb4 COLLATE utf8mb4_unicode_ci NOT NULL,
  `avatar` varchar(255) CHARACTER SET utf8mb4 COLLATE utf8mb4_unicode_ci DEFAULT NULL,
  `remember_token` varchar(100) CHARACTER SET utf8mb4 COLLATE utf8mb4_unicode_ci DEFAULT NULL,
  `created_at` timestamp NULL DEFAULT NULL,
  `updated_at` timestamp NULL DEFAULT NULL,
  PRIMARY KEY (`id`),
  UNIQUE KEY `moonshine_users_email_unique` (`email`),
  KEY `moonshine_users_moonshine_user_role_id_foreign` (`moonshine_user_role_id`),
  CONSTRAINT `moonshine_users_moonshine_user_role_id_foreign` FOREIGN KEY (`moonshine_user_role_id`) REFERENCES `moonshine_user_roles` (`id`) ON DELETE CASCADE ON UPDATE CASCADE
) ENGINE=InnoDB DEFAULT CHARSET=utf8mb4 COLLATE=utf8mb4_unicode_ci;
/*!40101 SET character_set_client = @saved_cs_client */;

--
-- Dumping data for table `moonshine_users`
--

LOCK TABLES `moonshine_users` WRITE;
/*!40000 ALTER TABLE `moonshine_users` DISABLE KEYS */;
/*!40000 ALTER TABLE `moonshine_users` ENABLE KEYS */;
UNLOCK TABLES;

--
-- Table structure for table `news`
--

DROP TABLE IF EXISTS `news`;
/*!40101 SET @saved_cs_client     = @@character_set_client */;
/*!50503 SET character_set_client = utf8mb4 */;
CREATE TABLE `news` (
  `id` bigint unsigned NOT NULL AUTO_INCREMENT,
  `source_id` int unsigned NOT NULL,
  `title` varchar(255) CHARACTER SET utf8mb4 COLLATE utf8mb4_unicode_ci NOT NULL,
  `seo_title` varchar(255) CHARACTER SET utf8mb4 COLLATE utf8mb4_unicode_ci DEFAULT NULL,
  `excerpt` text CHARACTER SET utf8mb4 COLLATE utf8mb4_unicode_ci,
  `body` text CHARACTER SET utf8mb4 COLLATE utf8mb4_unicode_ci NOT NULL,
  `image` varchar(255) CHARACTER SET utf8mb4 COLLATE utf8mb4_unicode_ci DEFAULT NULL,
  `slug` varchar(255) CHARACTER SET utf8mb4 COLLATE utf8mb4_unicode_ci DEFAULT NULL,
  `meta_description` text CHARACTER SET utf8mb4 COLLATE utf8mb4_unicode_ci,
  `meta_keywords` text CHARACTER SET utf8mb4 COLLATE utf8mb4_unicode_ci,
  `status` enum('PUBLISHED','DRAFT','PENDING') CHARACTER SET utf8mb4 COLLATE utf8mb4_unicode_ci NOT NULL DEFAULT 'DRAFT',
  `featured` tinyint(1) NOT NULL DEFAULT '0',
  `created_at` timestamp NULL DEFAULT NULL,
  `updated_at` timestamp NULL DEFAULT NULL,
  `deleted_at` timestamp NULL DEFAULT NULL,
  `active` tinyint(1) NOT NULL DEFAULT '1',
  PRIMARY KEY (`id`),
  KEY `news_source_id_index` (`source_id`),
  CONSTRAINT `news_source_id_foreign` FOREIGN KEY (`source_id`) REFERENCES `sources` (`id`)
) ENGINE=InnoDB AUTO_INCREMENT=96 DEFAULT CHARSET=utf8mb4 COLLATE=utf8mb4_unicode_ci;
/*!40101 SET character_set_client = @saved_cs_client */;

--
-- Dumping data for table `news`
--

LOCK TABLES `news` WRITE;
/*!40000 ALTER TABLE `news` DISABLE KEYS */;
INSERT INTO `news` VALUES (1,1,'Саймон Пегг рассказал о своем алкоголизме на площадке \"Миссия невыполнима\"',NULL,'Звезда франшизы \"Миссия невыполнима\" Саймон Пегг рассказал о том, как скрывал свой алкоголизм от акт','Звезда франшизы \"Миссия невыполнима\" Саймон Пегг рассказал о том, как скрывал свой алкоголизм от актеров и съемочной группы на съемочной площадке серии боевиков, возглавляемой Томом Крузом. Актер, исполняющий роль технического специалиста Бенджи Данна, начиная с фильма \"Миссия невыполнима 3\", признался, что во время съемок фильма в 2006 году у него случился эпизод психического расстройства, и он пристрастился к алкоголю: \"Ты становишься очень скрытным, когда у тебя случается что-то подобное в твоей жизни. Ты учишься делать это так, чтобы никто ничего не заметил, потому что это берет над тобой верх. Алкоголь сделает все, что в его силах, чтобы его продолжали употреблять. Но в конце концов дело доходит до того, что это невозможно скрыть, и именно тогда, к счастью, я смог выйти из этого погружения\", - в частности сказа актер.Саймон Пегг, который сейчас восстанавливает здоровье, также упомянул о своей дружбе с коллегой по франшизе Томом Крузом, признавшись, что иногда подтрунивает над суперзвездой на предмет его небывалой славы и привилегий, которые она приносит. \"Мы шутим по этому поводу. Я имею в виду, я всегда подшучиваю над ним за это, ну, вы знаете, за те вещи, к которым он может получить доступ... иногда он вроде как осознает всю нелепость этого. Мои отношения с ним очень простые и дружелюбные, они всегда были очень легкими. Я думаю, вы понимаете, что когда вы встречаетесь с человеком, а не с зарослями мифологии, которая создана вокруг него, это совсем другой опыт. Я имею в виду, что он любит славу, и он действительно наслаждается ею, это все, что он знает. Это заряжает его энергией и подстегивает\".\r\nЛучшие фильмы и сериалы Саймона Пегга\r\n\"Братья по оружию\" (2001)\"Зомби по имени Шон\" (2004)\"Миссия невыполнима 3\" (2006)\"Как потерять друзей и заставить всех тебя ненавидеть\" (2008)\"Звездный путь\" (2009)\"Пол: Секретный материальчик\" (2011)','https://www.kinonews.ru/insimgs/2023/newsimg/big/newsimg116117.webp',NULL,NULL,NULL,'PUBLISHED',0,'2023-05-15 07:17:42','2023-05-15 07:17:42',NULL,1),(2,1,'Фильм \"Гипнотик\" показал худший старт в карьере Бена Аффлека',NULL,'Новый фильм с участием Бена Аффлека провалился на старте в Северной Америке. Картина под названием \"','Новый фильм с участием Бена Аффлека провалился на старте в Северной Америке. Картина под названием \"Гипнотик\", вышедшая на более чем двух тысячах экранах, смогла собрать в свой премьерный уик-энд лишь 2,5 миллиона долларов. И это был худший результат не только для самого Бена Аффлека, но и для режиссера Роберта Родригеса.Производственный бюджет фильма \"Гипнотик\" оценивается в 65 миллионов долларов, поэтому после такого катастрофического старта финансовые потери его создателей составят десятки миллионов долларов.Научно-фантастический триллер прошел через серию неудач на пути к большому экрану, завершившуюся крахом студии Solstice Studios, которая должна была вывести проект на рынок и выпустить его в прокат. Solstice, возглавляемая ветераном инди-индустрии Марком Гиллом, рассчитывала на \"Гипнотик\", который должен был определить ее будущее.Но молодая компания была пущена под откос пандемией, несмотря на скромный успех 2000-х годов. В 2021 году Solstice попыталась заключить стратегическое партнерство со Студией 8 Джеффа Робинова и \"Гипнотик\" стал их первым совместным проектом.Это уже второй крупный провал Бена Аффлека с начала 2023 года. Ранее неудача постигла биографическую драму под названием \"Эйр\", постановщиком которой стал сам актер. Она собрала всего 86 миллионов долларов при бюджете в 90 миллионов.\r\nКакие фильмы с Беном Аффлеком выйдут в 2023 году?\r\nАктер вновь вернется к единственной своей относительно успешной роли Бэтмена в фантастическом боевике \"Флэш\", основанном на комиксах DC. Лента выйдет в прокат в середине июня.','https://www.kinonews.ru/insimgs/2023/newsimg/big/newsimg116116.webp',NULL,NULL,NULL,'PUBLISHED',0,'2023-05-15 07:17:43','2023-05-15 07:17:43',NULL,1),(3,1,'Шарлиз Терон пришла в прозрачном платье на премьеру \"Форсаж 10\"',NULL,'Южноафриканская актриса Шарлиз Терон порадовала зрителей на премьере боевика \"Форсаж 10”, появившись','Южноафриканская актриса Шарлиз Терон порадовала зрителей на премьере боевика \"Форсаж 10”, появившись перед публикой в готическом, прозрачном черном платье.Наряд от Versace с глубокими вырезами и прозрачным топом практически не оставляло простора воображению. Платье без рукавов было украшено асимметричным вырезом и серебряными цепочками, свисающими по бокам. Шарлиз дополнила образ туфлями на высоких каблуках и минимумом украшений, что еще больше акцентировало внимание на ее платье.Ее светлые локоны были уложены прямыми и гладкими прядями, а макияж был минимальным. Оскароносная актриса позировала на \"красной дорожке\" вместе со своими коллегами по фильму Вином Дизелем, Лудакрисом и Джоном Синой.Смелое одеяние Шарлиз Терон привлекло много внимания и вызвало бурные обсуждениям в социальных сетях, многие хвалили ее за выбор одежды. Поклонники франшизы не могли не заметить, как актриса стремится превзойти саму себя с каждой премьерой.\r\nВ каком эпизоде \"Форсажа\" появилась Шарлиз Терон?\r\nЗвезда южноафриканского происхождения стала неотъемлемой частью франшизы в фильме “Форсаж 8”, где она сыграла злодейку Сайфер. Она повторила свою роль в восьмой и девятой частях франшизы, ее героиня продолжала доставлять массу неприятностей главным героям франшизы.','https://www.kinonews.ru/insimgs/2023/newsimg/big/newsimg116115.webp',NULL,NULL,NULL,'PUBLISHED',0,'2023-05-15 07:17:43','2023-05-15 07:17:43',NULL,1),(4,1,'В фильме \"Супермен: Наследие\" Лекс Лютор может стать черным',NULL,'Теперь, когда фильм \"Стражи Галактики. Часть 3\" вышел в кинотеатрах, а обязательства Джеймса Ганна п','Теперь, когда фильм \"Стражи Галактики. Часть 3\" вышел в кинотеатрах, а обязательства Джеймса Ганна перед Marvel Studios выполнены, все его внимание сосредоточено на подборе актерского состава для предстоящей перезагрузки DC \"Супермен: Наследие\", в связи с чем появилось много противоречивой информации, в том числе касающейся роли главного антагониста - Лекса Лютора. Так, в одном отчете сообщалось, что Джеймс Ганн обсуждал роль с двумя актерами из франшизы \"Стражи Галактики\", затем выдвигалась версия, что на роль суперзлодея рассматривается Николас Холт. Теперь же, по сведениям инсайдеров издания TheWrap, Джеймс Ганн и кастинговая команда фильма \"Супермен: Наследие\" присматриваются к черным актерам на роль, которая описывается как Апекс Лекс, что является версией персонажа, который мог бы сойтись лицом к лицу с Суперменом.В комиксах Апекс Лекс был гибридом человека и марсианина и мог физически сойтись лицом к лицу с Суперменом, хотя неясно, является ли Лекс Лютор в фильме Джеймса Ганна на самом деле Апексом Лексом. В кинокомиксах Зака Снайдера роль Лекса Лютора исполнил Джесси Айзенберг.\r\nКто проходит прослушивание на главные роли в фильме \"Супермен: Наследие\"?\r\nПо сведениям различных источников, среди кандидатов на роль Супермена - Николас Холт (\"Ренфилд\"), Дэвид Коренсвет (\"Перл\"), Джейкоб Элорди (\"Эйфория\") и Эндрю Ричардсон (\"Экстраполяции\"). На роль Лоис Лейн проходят прослушивания Рэйчел Броснахэн (\"Удивительная миссис Майзел\"), Эмма Маккей (\"Половое воспитание\") и Самара Уивинг (\"Я иду искать\").','https://www.kinonews.ru/insimgs/2023/newsimg/big/newsimg116111.webp',NULL,NULL,NULL,'PUBLISHED',0,'2023-05-15 07:17:43','2023-05-15 07:17:43',NULL,1),(5,1,'Джуд Лоу и Ана де Армас сыграют в новом триллере Рона Ховарда',NULL,'Знаменитый голливудский режиссер Рон Ховард приступает к работе надо своим новым фильмом под названи','Знаменитый голливудский режиссер Рон Ховард приступает к работе надо своим новым фильмом под названием \"Происхождение видов\", участие в котором примет внушительный актерский состав, в том числе Джуд Лоу, Ана де Армас, Алисия Викандер, Даниэль Брюль и другие.Основанный на двух разных рассказах об одной и той же реальной истории, фильм описывается как “мрачная и одновременно комическая история об убийстве и выживании, действие которой разворачивается вокруг группы эклектичных персонажей, покидающих цивилизацию ради приключений на Галапагосских островах. Все они ищут ответ на вечно актуальный вопрос, который мучает всех нас: в чем смысл жизни”. Продюсерами являются Брайан Грейзер из Imagine и Карен Ландер.Съемки фильма \"Происхождение видов\" должны стартовать в четвертом квартале 2023 года и пройдут преимущественно в Австралии, которая предоставляет голливудским кинематографистам существенные налоговые льготы. Потенциальные покупатели смогут посостязаться за право представлять эту картину на грядущем Каннском кинорынке. Возможная дата релиза пока не обсуждается.\r\nКакие фильмы снял Рон Ховард?\r\nВ активе постановщика такие известные киноленты, как \"Гринч - похититель Рождества\", \"Игры разума\", \"Код да Винчи\" и многие другие. Его работы были отмечены множеством престижных наград, в том числе \"Оскаром\".','https://www.kinonews.ru/insimgs/2023/newsimg/big/newsimg116109.webp',NULL,NULL,NULL,'PUBLISHED',0,'2023-05-15 07:17:43','2023-05-15 07:17:43',NULL,1),(6,1,'\"Стражи Галактики 3\": Вторые выходные с одним из лучших результатов Марвел',NULL,'Фильм \"Стражи Галактики. Часть 3\" продемонстрировал отличную выносливость в домашнем прокате. Во вто','Фильм \"Стражи Галактики. Часть 3\" продемонстрировал отличную выносливость в домашнем прокате. Во вторые выходные его кассовые сборы в Северной Америке снизились всего на 49 процентов, и это был третий лучший результат всей киновселенной Марвел.В абсолютных величинах сборы третьих \"Стражей Галактики\" увеличились еще на 60,5 миллиона долларов. В предыдущий раз второй уик-энд был примерно таким сильным, когда вышел фильм \"Шан-Чи и Легенда Десяти Колец\" (-54%). С тех пор большинство экранизаций комиксов Марвел  показывали куда худшие результаты, включая стартовавший прошлым летом \"Доктор Стрэндж 2: В мультивселенной безумия\" (-67%) и даже \"Человек-Паук 3: нет пути домой\" (-68%). \"Человек-муравей и Оса: Квантомания\" и вовсе потерял 70% во вторые выходные. Этот рейтинг все еще возглавляет \"Черная пантера\" (45 процентов), за ней следует \"Тор\" (47 процентов) падения сборов.За рубежом фильм \"Стражи Галактики. Часть 3\" получил еще 91,9 миллиона долларов с 52 рынков, что составило 315,6 миллиона долларов, включая весьма внушительные по нынешним меркам 58,4 миллиона долларов из Китая. Совокупные заработки третьей серии превысили 528,8 миллиона долларов по всему миру.\r\nСколько стоил фильм \"Стражи Галактики 3\"?\r\nПроизводственный бюджет третьей части оценивался в 250 миллионов долларов, то есть для окупаемости в прокате ей нужно было собрать не менее 600-650 миллионов долларов. Это вполне достижимый результат с такой динамикой кассовых сборов.','https://www.kinonews.ru/insimgs/2023/newsimg/big/newsimg116108.webp',NULL,NULL,NULL,'PUBLISHED',0,'2023-05-15 07:17:44','2023-05-15 07:17:44',NULL,1),(7,1,'\"Форсаж 10\": Стал известен главный сюрприз десятой серии',NULL,'Создателям фильма \"Форсаж 10\" все же удалось удивить зрителей, преподнеся им большой сюрприз, о кото','Создателям фильма \"Форсаж 10\" все же удалось удивить зрителей, преподнеся им большой сюрприз, о котором ранее говорила Мишель Родригес.Как утверждает издание The Warp, во франшизу вернулся агент Хоббс в исполнении Дуэйна Джонсона. Его персонаж появился в сцене после титров, ставшей теперь традиционной для многих голливудских блокбастеров.Что делает его возвращение таким шокирующим, так это то, насколько ранее непреклонен был Дуэйн Джонсон в своем решении не возвращаться в \"Форсаж\". В ноябре 2021 года звезда франшизы и продюсер Вин Дизель опубликовал пост на своей странице в социальной сети, в котором попросил Дуэйна Джонсона вернуться к основной серии.Через месяц после обращения Джонсон заявил в интервью: “Я прямо сказал (Дизелю), что не вернусь. Я был тверд, но сердечен в своих словах и сказал, что всегда буду поддерживать актерский состав и всегда буду болеть за успех франшизы, но нет ни единого шанса на возвращение. Недавний публичный пост Вина был примером его манипуляций. Мне не понравилось, что он упоминал своих детей в этом обращении, а также смерть Пола Уокера. Оставь их в покое. Мы говорили об этом несколько месяцев назад и пришли к четкому пониманию”.\r\nКто создал фильм \"Форсаж 10\"?\r\nПостановщиком выступил Луи Летерье. Вин Дизель снимался вместе с Мишель Родригес, Тайризом Гибсоном, Крисом ”Лудакрисом\" Бриджесом, Джейсоном Момоа, Натали Эммануэль, Джоном Синой, Шарлиз Терон, Хелен Миррен, Бри Ларсон и Ритой Морено. Фильм \"Форсаж 10\" выходит в прокат 19 мая.','https://www.kinonews.ru/insimgs/2023/newsimg/big/newsimg116103.webp',NULL,NULL,NULL,'PUBLISHED',0,'2023-05-15 07:17:44','2023-05-15 07:17:44',NULL,1),(8,1,'Названы главные претенденты на роли Супермена и Лекса Лютора',NULL,'Глава студии DC Джеймс Ганн приступил к формированию актерского состава экранизации комиксов под наз','Глава студии DC Джеймс Ганн приступил к формированию актерского состава экранизации комиксов под названием \"Супермен: Наследие\". Журналистам стали известны основные претенденты на главные роли, в том числе самого Человека из стали, его возлюбленной Лоис Лейн, а также злодея Лекса Лютора.Источники утверждают, что Дэвид Коренсвет, недавно сыгравший киномеханика в триллере \"Перл\", рассматривается на роль Кларка Кента, (он же Супермен). Процесс его прослушивания уже вышел на стадию кинопроб в костюмах, которые, состоятся состоятся после Дня памяти или в начале июня.Что касается Лоис Лейн, отважного репортера новостной организации Metropolis Daily Planet, претендентками стали Эмма Маккей, одна из звезд сериала Нетфликс \"Половое воспитание\", которая появится в фильме Warner Bros. \"Барби\", Рэйчел Броснахэн, звезда нашумевшего сериала Amazon \"Удивительная миссис Майзел\", получившая премию \"Эмми\"; актриса Фиби Дайневор; и Самара Уивинг, которую зрители видели в фильме \"Крик 6\".В связи с Лексом Лютором упоминается лишь одно имя - Николас Холт. Анонимные информаторы отмечают, что вопрос с его участием практически решенный, так как руководители Warner находятся под большим впечатлением от его талантов еще после выхода боевика \"Безумный Макс 4: Дорога ярости\".\r\nКогда выйдет фильм \"Супермен: Наследие\"?\r\nСтудия Warner Bros. уже назначала дату релиза на 11 июля 2025 года. Ранее сообщалось, что картина представит историю знаменитого криптонца, пытающегося найти баланс между его инопланетным происхождением и человеческим воспитанием, которое он получил как Кларк Кент из Смолвиля,','https://www.kinonews.ru/insimgs/2023/newsimg/big/newsimg116102.webp',NULL,NULL,NULL,'PUBLISHED',0,'2023-05-15 07:17:44','2023-05-15 07:17:44',NULL,1),(9,1,'В Каннах запретили протесты во время кинофестиваля',NULL,'Власти города Канны запретил все акции протеста вдоль набережной Круазетт и ее окрестностей во время','Власти города Канны запретил все акции протеста вдоль набережной Круазетт и ее окрестностей во время проведения международного Каннского кинофестиваля.Ранее профсоюзы заявляли, что они готовят большую демонстрацию 21 мая, но теперь она пройдет на бульваре Карно, вдали от набережной Круазетт и штаб-квартиры фестиваля. Также 19 мая с 13:00 до 15:00 состоится митинг работников сферы гостеприимства, включая персонал гостиниц, кафе и ресторанов, перед отелем Carlton, среди знаменитых гостей которого в этом году Мартин Скорсезе. Митинг, в ходе которого протестующие, скорее всего, будут стучать кастрюлями, чтобы выразить свой гнев, технически разрешен, поскольку территория отеля Carlton является частной территорией.Город Канны и региональные власти ввели этот запрет на большей части территории Канн, чтобы предотвратить гражданские беспорядки. С начала марта страну сотрясают массовые протесты из-за непопулярной пенсионной реформы французского правительства, повышающей пенсионный возраст в стране. В последний раз Францию сотрясали протесты такого масштаба в 2004 году, когда сотни тысяч людей вышли на улицы Канн, возмущенные изменениями правил выплаты пособий по безработице,\r\nКогда пройдет Каннский кинофестиваль в 2023 году?\r\nСамый престижный европейский кинофорум пройдет с 16 по 27 мая. Французские энергетики грозились обесточить основные площадки фестиваля в знак протеста против решения президента Макрона увеличить пенсионный возраст.','https://www.kinonews.ru/insimgs/2023/newsimg/big/newsimg116101.webp',NULL,NULL,NULL,'PUBLISHED',0,'2023-05-15 07:17:44','2023-05-15 07:17:44',NULL,1),(10,1,'Мел Гибсон снимет Марка Уолберга в драме \"Рискованный полет\"',NULL,'Мел Гибсон возвращается в режиссерское кресло впервые с 2016 года, когда он получил номинацию на пре','Мел Гибсон возвращается в режиссерское кресло впервые с 2016 года, когда он получил номинацию на премию \"Оскар\" за фильм \"По соображениям совести\". Его новый проект получил название \"Рискованный полет\" (Flight Risk), и главную роль сыграет номинант на премию \"Оскар\" Марк Уолберг.Киностудия Lionsgate, с которой Мел Гибсон уже сотрудничал ранее, представит фильм потенциальным покупателям на Каннском кинорынке. Сообщается, что Марк Уолберг сыграет пилота, перевозящего опасного преступника, которого ждет суд. Проводится дополнительный кастинг. Картина основана на сценарии Джареда Розенберга.Фильм ознаменует воссоединение Мела Гибсона и Марка Уолберга после того, как в прошлом году они снялись в кассовом хите \"Отец Стю\".Напомним, что оскараносный постановщик за тридцать лет снял пять фильмов, и каждый из них был успешным в прокате. “Нам нравится внушительная пара - Мел Гибсон и Марк Уолберг, - прокомментировал председатель правления Lionsgate Джо Дрейк. - Это таланты мирового класса, объединившиеся для создания динамичного, наполненного яркими персонажами фильма, сделают ”Рискованный полет\" одним из самых напряженных событий года, которое обязательно нужно посмотреть на большом экране\".\r\nЗа что Мел Гибсон получил \"Оскар\"?\r\nРежиссер был награжден премией Американской Киноакадемии за фильм \"Храброе сердце\", в котором он также сыграл главную роль.','https://www.kinonews.ru/insimgs/2023/newsimg/big/newsimg116097.webp',NULL,NULL,NULL,'PUBLISHED',0,'2023-05-15 07:17:44','2023-05-15 07:17:44',NULL,1),(11,1,'Уиллем Дефо сыграет в фильме \"Битлджус 2\"',NULL,'И без того внушительный актерский состав сиквела \"Битлджус 2\" пополнился еще одним громким именем. З','И без того внушительный актерский состав сиквела \"Битлджус 2\" пополнился еще одним громким именем. Знаменитый голливудский актер Уиллем Дефо присоединился к продолжению истории, рассказанной Тимом Бертоном в 1988 году.На момент написания заметки производство полнометражного фильма студии Warner Bros. уже началось, и Тим Бертон вернулся в режиссерское кресло. Создатели \"Уэнсдэй\" Альфред Гоф и Майлз Миллар подготовили сценарий.Возглавляет актерский состав Дженна Ортега \"(Уэнсдэй\"), которая сыграет дочь Лидии из фильма \"Битлджус\". Майкл Китон повторит свою роль несносного призрака Битлджуса, а Вайнона Райдер - звезда оригинальной картины - сыграет мать персонажа Дженны Ортега, Лидии Дитц. Кэтрин О`Хара вновь предстанет в образе мачехи Лидии Дитц, Делии Дитц. Джастин Теру и Моника Беллуччи также появятся в фильме. Последняя сыграет супругу Битлджуса.Хотя детали сюжета предстоящего фильма держатся в секрете, Уиллем Дефо, по сведениям инсайдеров, сыграет сотрудника правоохранительных органов в загробной жизни.Несколькими днями ранее Warner Bros. объявила, что \"Битлджус 2\" выйдет в прокат 6 сентября 2024 года, в день, на который запланирована премьера фильма \"Блэйд\", предпроизводство которого было приостановлено в связи в забастовкой сценаристов.\r\n\r\nНедавние и предстоящие фильмы Уиллема Дефо\r\nНоминированный на четыре \"Оскара\" Уиллем Дефо недавно появился в триллере \"Внутри\", в исторической драме Роберта Эггерса \"Варяг\" и повторил роль любимого фанатами Нормана Осборна/Зеленого гоблина в \"Человеке-пауке 3: нет пути домой\". Среди предстоящих фильмов актера - \"Город астероидов\" Уэса Андерсона, премьера которого состоится в Каннах, \"Бедные и несчастные\" Йоргоса Лантимоса и \"Носферату\" - вампирский триллер, в котором он снова объединяется с Робертом Эггерсом.','https://www.kinonews.ru/insimgs/2023/newsimg/big/newsimg116093.webp',NULL,NULL,NULL,'PUBLISHED',0,'2023-05-15 07:17:44','2023-05-15 07:17:44',NULL,1),(12,1,'Дуэйн Джонсон рассказал о своей депрессии',NULL,'Один из самых высокооплачиваемых актеров современного кино Дуэйн Джонсон откровенно рассказал о прис','Один из самых высокооплачиваемых актеров современного кино Дуэйн Джонсон откровенно рассказал о приступах депрессии, которым он подвергался на протяжении всей своей жизни, начиная с того времени, когда он учился в колледже.Во время выступления на подкасте Pivot звезда фильма \"Черный Адам\" объяснил, что впервые почувствовал депрессию, когда учился в Университете Майами, и повредил плечо, из-за чего больше не смог играть в футбольной команде.“Я не хотел ходить на учебу. Я был готов уйти. Я бросил занятия. Я не сдавал никаких промежуточных экзаменов и просто ушел. Но самое интересное, что в то время я просто не осознавал, что со мной происходит. Я не знал, что такое психическое здоровье. Я не знал, что такое депрессия. Мне просто казалось, что я не хочу там быть, не хожу ни на одно из собраний команды, ни в чем не участвую”, - поведал актер.Вторым эпизодом в жизни Дуэйна Джонсона стал развод. \"Но годы спустя, примерно в 2017 году или около того, произошло небольшое изменение. В то время я уже понимал, что такое депрессия, и, к счастью, в то время у меня было несколько друзей, на которых я мог опереться и сказать: \"Знаешь, сейчас я чувствую себя неуверенно. Я вижу немного серого, а не цветного”, - добавил Дуэйн Джонсон.Актер также отметил, что его “спасением” во время приступов депрессии были три дочери и то, что он “был отцом девочек”. \"Это невозможно исправить, если ты будешь держать эту боль внутри. Иметь мужество заговорить с кем-то - это ваша сверхспособность. Я потерял двух друзей из-за самоубийства. Поговорите с кем-нибудь. Независимо от ваших переживаний, вы никогда не бываете абсолютно одиноки\", - посоветовал он.\r\nПровал фильма \"Черный Адам\" скажется на карьере Дуэйна Джонсона?\r\nГрандиозным планам актера, который планировал возглавить киновселенную DC, больше не суждено осуществиться, однако Дуэйн Джонсон продолжает оставаться очень востребованным актером в своем жанре. В 2023 году на экраны выйдет новый фильм с его участием под названием \"Красный\", в котором он сыграл с Крисом Эвансом.','https://www.kinonews.ru/insimgs/2023/newsimg/big/newsimg116096.webp',NULL,NULL,NULL,'PUBLISHED',0,'2023-05-15 07:17:44','2023-05-15 07:17:44',NULL,1),(13,1,'\"Форсаж 10\": Первые зрители сравнили Джейсона Момоа с Джокером',NULL,'После мировой премьеры фильма \"Форсаж 10\" в Италии в Сети появились первые отзывы о десятом эпизоде ','После мировой премьеры фильма \"Форсаж 10\" в Италии в Сети появились первые отзывы о десятом эпизоде популярной приключенческой франшизы. Зрители отмечали масштаб зрелища и вклад Джейсона Момоа в качестве нового злодея франшизы, Данте Рейеса, сравнивая его с Джокером из комиксов DC.\"Форсаж 10\" совершенно безумен (мне нравилась каждая секунда). От ураганного действия и острот у меня болело лицо из-за того, что я так много улыбался. Джейсон Момоа излучает позитив. Ансамбль - огонь. Сам фильм? Пик летнего блокбастера! Черт возьми, да. Создан для просмотра на большом экране под попкорн\", - отметил рецензент по имени Лайам Кроули.\"Форсаж 10\" возвращает франшизу в нужное русло, и причина №1 - Джейсон Момоа, который играет Данте, в какой-то степени похожего на Джокера. Он жизнерадостный психопат, и это восхитительно. Наряду с историей, которая позволяет избежать того, из-за чего \"Форсаж 9\" казался устаревшими, это несомненная победа\", - написал журналист Эрик Айзенберг.\"Форсаж 10\" буквально принадлежит Джейсону Момоа и его декадентскому плохому парню Данте Рейесу. Свирепый и эпатажный, его яркий, почти павлиний, образ добавляет остроты и освежающего черного юмора. Остальное, как обычно, нелепость, но это глупо забавно. Какой еще рецензии вы ожидали?\", - добавил корреспондент Саймон Томпсон.\r\nВыйдет ли фильм \"Форсаж 10\" в России?\r\nУ российских зрителей появится возможность оценить десятую серию \"Форсажа\" на больших экранах, несмотря на то, что студия Universal официально не выпускает свои кинопроекты на отечественном рынке. Фильм выйдет примерно в то же время, что в других странах - после 19 мая 2023 года.','https://www.kinonews.ru/insimgs/2023/newsimg/big/newsimg116095.webp',NULL,NULL,NULL,'PUBLISHED',0,'2023-05-15 07:17:45','2023-05-15 07:17:45',NULL,1),(14,1,'\"Форсаж 10\": Шарлиз Терон восхитилась Джейсоном Момоа',NULL,'Шарлиз Терон оказалась под большим впечатление от работы на съемочной площадке фильма \"Форсаж 10\" Дж','Шарлиз Терон оказалась под большим впечатление от работы на съемочной площадке фильма \"Форсаж 10\" Джейсона Момоа. Своим впечатлением звезда поделилась в подкасте Access Hollywood.\"Этот чувак просто берет на себя обязательства, как никто другой, с кем я когда-либо работала. Он бесстрашный в том смысле, что умеет и в боевик, и в драму и готов полностью погружаться. Иногда я восклицала: \"Слушай, ты действительно сделал это! Ты готов пойти до конца!\", - рассказала Шарлиз Терон.\r\nКого сыграл Джейсон Момоа в фильме \"Форсаж 10\"?\r\nЗвезде \"Аквамена\" досталась роль наследника империи бразильского наркобарона, которого команда Доминика Торетто убила в одном из предыдущих эпизодов франшизы \"Форсаж\". Злодей намерен отомстить, ударив Доминика по самому больному месту - его собственной семье, куда, как известно, входят не только его кровные родственники. Для создания образа Джейсон Момоа заручился поддержкой компании Harley Davidson, предоставившей несколько мотоциклов.Ранее стало известно, что сцену поединка между героинями Шарлиз Терон и Мишель Родригес актрисы снимали сами без участия режиссера, то есть в значительной степени она являлась импровизацией.\r\nВин Дизель анонсировал \"Форсаж 12\"\r\nВ одном из интервью актер проговорился, что студия предложила ему завершить франшизу не дилогией, а трилогией. Он не уточнил планы по этому поводу, но, скорее всего, зрителей ждет и двенадцатый эпизод \"Форсажа\".','https://www.kinonews.ru/insimgs/2023/newsimg/big/newsimg116079.webp',NULL,NULL,NULL,'PUBLISHED',0,'2023-05-15 07:17:45','2023-05-15 07:17:45',NULL,1),(15,1,'Джонни Депп получит 20 миллионов долларов от Dior',NULL,'Компания Dior укрепляет свои деловые отношения с популярным голливудским актером Джонни Деппом. Фран','Компания Dior укрепляет свои деловые отношения с популярным голливудским актером Джонни Деппом. Французский дом моды класса люкс и косметический гигант, который поддерживал звезду даже тогда, когда он столкнулся с крайне негативным пиаром на фоне судебной тяжбы с бывшей женой Эмбер Херд, подписал с ним самый крупный контракт в истории рекламы мужских ароматов.Источники оценивают трехлетнюю сделку более чем в 20 миллионов долларов, что затмевает условия аналогичного соглашения Роберта Паттинсона на 12 миллионов долларов в качестве представителя Dior Homme и соглашение Брэда Питта на семь миллионов долларов о продвижении Chanel № 5. Источник, знакомый с парфюмерной индустрией, говорит, что большинство звезд, заключающих сделки с производителями ароматов, зарабатывают около 2-4 миллионов долларов в год, например Крис Пайн, контракт которого с Armani оценивается в четыре миллиона долларов.Джонни Депп является лицом Dior Sauvage с 2015 года. Компания столкнулась с давлением и требованием уволить актера после того, как суд Великобритании вынес решение против него по его иску о клевете. Но имидж Джонни Деппа и его конкурентоспособность на рынке резко улучшились в прошлом году после того, как он одержал победу в США на судебном процессе против Эмбер Херд.\r\nДжонни Депп вернется в большое кино?\r\nНовый контракт актера с Dior совпадает с громкой премьерой на предстоящем Каннском кинофестивале, где 16 мая он будет присутствовать на презентации исторической драмы “Жанна Дюбарри”, в которой он сыграл короля Людовика XV. Ожидается, что на следующий день Джонни Депп отправится в Лондон, где выступит вместе с Эриком Клэптоном и Родом Стюартом. Продажи первой режиссерской работы Джонни Деппа за последние 25 лет также начнутся на каннском кинорынке. Фильм под названием “Моди” рассказывает о жизни итальянского художника Амедео Модильяни.','https://www.kinonews.ru/insimgs/2023/newsimg/big/newsimg116094.webp',NULL,NULL,NULL,'PUBLISHED',0,'2023-05-15 07:17:45','2023-05-15 07:17:45',NULL,1),(16,1,'Вин Дизель намекнул на финальную трилогию \"Форсажа\"',NULL,'Поклонников франшизы \"Форсаж\" ожидает сюрприз: у фильма \"Форсаж 10\" может быть не одно, а два продол','Поклонников франшизы \"Форсаж\" ожидает сюрприз: у фильма \"Форсаж 10\" может быть не одно, а два продолжения, и следовательно, финал этого грандиозного проекта станет трилогией. С таким неожиданным заявлением выступил исполнитель главной роли и продюсер Вин Дизель.Когда его спросили о будущем франшизы и о том, куда Доминик Торетто отправится после выхода одиннадцатой серии, Вин Дизель ответил: \"Я могу сказать вот что: приступая к съемкам этого фильма, студия спросила, можно ли его сделать двухсерийным. А после того, как увидели первую часть, они такие: \"Не могли бы вы сделать \"Форсаж 10\" трилогией?\" Ну, и, ммм...\".\r\nОн не подтвердил, что таков план, но его коллега Мишель Родригес повторила эти комментарии о том, что финал будет состоять из трех актов, что, по-видимому, добавило больше легитимности тому, на что намекал Вин Дизель.  Актриса добавила многозначительно: \"В любой истории есть три действия\".Фильм \"Форсаж 10\" стартует в международном прокате 17 мая 2023 года. В картине снимались завсегдатаи франшизы, такие как Санг Кенг, Лудакрис, Джордана Брюстер, Тайриз Гибсон и другие.Сколько стоил \"Форсаж 10\"?\r\nПроизводственный бюджет фильма оценивался в 340 миллионов долларов, что сделало его самой дорогой частью серии. Для окупаемости ему потребуется собрать в мировом прокате более 800 миллионов долларов.','https://www.kinonews.ru/insimgs/2023/newsimg/big/newsimg116092.webp',NULL,NULL,NULL,'PUBLISHED',0,'2023-05-15 07:17:45','2023-05-15 07:17:45',NULL,1),(17,1,'Тома Круза заподозрили в романе с Шакирой',NULL,'Исполнителя главной роли в боевике \"Топ Ган: Мэверик\" Тома Круза заподозрили в романе с популярной п','Исполнителя главной роли в боевике \"Топ Ган: Мэверик\" Тома Круза заподозрили в романе с популярной певицей Шакирой. Звезды посетили вместе этап гонок Formula 1, проходивший в Майами.Фотокорреспондентам удалось заснять, как Том Круз и Шакира уединились на трибуне и о чем-то долго беседовали, при этом манера общения и расстояние между ними явно свидетельствовали о флирте. \"Между ними явно химия”, - отметил анонимный источник.60-летний Том Круз холост, а 46-летняя Шакира рассталась со своим давним бойфрендом 36-летним Жераром Пике в июне прошлого года из-за обвинений в том, что у него был роман с его нынешней девушкой Кларой Чиа Марти. Шакира и Пике были вместе 12 лет, и у них двое детей, 8-летний Саша и 10-летний Милан. “Шакире сейчас нужна \"мягкая подушка\", на которую можно упасть, и это мог бы быть Том”, - добавил информатор. Утверждается также, что Том Круз был настолько очарован поп-дивой, что якобы прислал ей цветы.В окружении двух звезд пока заявляют лишь, что актер и певица были приглашены на мероприятие пилотом команды Mercedes Льюисом Хэмилтоном, который является одним из самых титулованных представителей этого вида спорта.\r\nСколько раз был женат Том Круз?\r\nОфициально актер был женат три раза, и все три раза на коллегах по цеху. Его первой супругой стала актриса Мими Роджерс, второй - Николь Кидман, и это был самый продолжительный брак, третьей - Кэти Холмс. У нег двое приемных детей и дочь, рожденная в браке с Кэти Холмс.','https://www.kinonews.ru/insimgs/2023/newsimg/big/newsimg116064.webp',NULL,NULL,NULL,'PUBLISHED',0,'2023-05-15 07:17:45','2023-05-15 07:17:45',NULL,1),(18,1,'Объявлены названия эпизодов шестого сезона сериала \"Черное зеркало\"',NULL,'Нетфликс опубликовал официальные названия эпизодов и краткое описание сюжетов шестого сезона антиуто','Нетфликс опубликовал официальные названия эпизодов и краткое описание сюжетов шестого сезона антиутопического научно-фантастического сериала \"Черное зеркало\". Сериал, дебют которого намечен на июнь 2023 года, будет состоять из пяти эпизодов: \"Joan Is Awful\" (\"Джоан ужасна\" - здесь и далее перевод \"Новости Кино\"), \"Loch Henry\" (\"Лох Генри\"), \"Beyond the Sea\" (\"За морем\"), \"Mazey Day\" (\"День Мэйзи\") и \"Demon 79\" (\"Демон 79\").\r\nОписания сюжетов и актерский состав для каждого эпизода приведены ниже.\"Joan Is Awful\": Обычная женщина ошеломлена, узнав, что стриминг с глобальным вещанием запустил крупнобюджетную телевизионную драму-адаптацию ее жизни, в которой ее играет голливудская звезда Сальма Хайек. В ролях: Энни Мерфи, Сальма Хайек, Майкл Сера, Химеш Патель, Роб Делани и Бен Барнс.\"Loch Henry\": Молодая пара отправляется в захолустный шотландский городок, чтобы начать работу над изысканным документальным фильмом о природе, но оказывается втянутой в пикантную местную историю, связанную с шокирующими событиями прошлого. В ролях: Сэмюэл Бленкин, Миха’ла Херролд, Дэниэл Портман, Джон Ханна и Моника Долан.\"Beyond the Sea\": В альтернативном 1969 году двое мужчин, выполняющих опасную высокотехнологичную миссию, борются с последствиями невообразимой трагедии. В ролях: Аарон Пол, Джош Хартнетт, Кейт Мара, Оден Торнтон и Рори Калкин.\"Mazey Day\": Обеспокоенную старлетку преследуют назойливые папарацци, пока она разбирается с последствиями инцидента с наездом и побегом. В ролях: Зази Битц, Клара Ругор и Дэнни Рамирес.\"Demon 79\": Северная Англия, 1979 год. Кроткой продавщице говорят, что она должна совершить ужасные поступки, чтобы предотвратить катастрофу. В ролях: Аньяна Васан, Паапа Эссьеду, Кэтерин Роуз Морли и Дэвид Шилдс.О создании шестого сезона сериала \"Черное зеркало\"\r\nСоздатель \"Черного зеркала\" Чарли Брукер подготовил сценарии ко всем пяти эпизодам шестого сезона при участии Биши К. Али в \"Демоне 79\". Чарли Брукер выступает в качестве исполнительного продюсера вместе с давними партнерами по продюсированию Аннабель Джонс и Джессикой Роудс. Это первый сезон \"Черного зеркала\", который произведен новой продюсерской компанией Чарли Брукера и Аннабель Джонс Broke & Bones.','https://www.kinonews.ru/insimgs/2023/newsimg/big/newsimg116068.webp',NULL,NULL,NULL,'PUBLISHED',0,'2023-05-15 07:17:45','2023-05-15 07:17:45',NULL,1),(19,1,'Эмма Стоун возродится к жизни в трейлере фильма \"Бедные и несчастные\"',NULL,'Эмма Стоун оживает в первом трейлере фантастического фильма студии Searchlight Pictures под название','Эмма Стоун оживает в первом трейлере фантастического фильма студии Searchlight Pictures под названием \"Бедные и несчастные\", нового режиссерского проекта Йоргоса Лантимоса, который снял такие известные ленты, как \"Лобстер\" и \"Фаворитка\".Ролик начинается с того, что главная героиня Белла Бакстер возрождается и возвращается к жизни, подобно монстру из \"Франкенштейна\". “Режиссер Йоргос Лантимос и продюсер Эмма Стоун рассказывают невероятную историю и показывают  фантастическую эволюцию молодой женщины, возвращенной к жизни блестящим и неортодоксальным ученым доктором Годвином Бакстером (Уиллем Дефо)”, - говорится в официальном синопсисе.Находясь под контролем Бакстера Белла горит желанием заново учиться. Но, изголодавшись по светскости, которой ей так не хватает, она убегает с Дунканом Уэддерберном (Марк Руффало), ловким и развратным адвокатом, и погружается в головокружительное приключения на различных континентах. Свободная от предрассудков своего времени, Белла становится непоколебимой в своем стремлении отстаивать равенство и добиться освобождения.Тизер-трейлер фильма \"Бедные и несчастные\" можно посмотреть, перейдя по этой ссылке https://www.kinonews.ru/movie_335697/poor-things.Кто снял фильм \"Бедные и несчастные\"?\r\nВ проекте задействовано немало известных актеров, в том числе Уиллем Дефо, Марк Руффало, Рами Юсеф, Джеррод Кармайкл, Кристофер Эббот, Маргарет Куэйли и Кэтрин Хантер. Фильм снят режиссером Лантимосом по сценарию Тони Макнамары. Это знаменует воссоединение Лантимоса, Макнамары и Стоун, которые все были номинированы на премию \"Оскар\" за фильм \"Фаворитка\" 2018 года. Макнамара также был соавтором сценария к последнему фильму Эммы Стоун \"Круэлла\".','https://www.kinonews.ru/insimgs/2023/newsimg/big/newsimg116066.webp',NULL,NULL,NULL,'PUBLISHED',0,'2023-05-15 07:17:46','2023-05-15 07:17:46',NULL,1),(20,1,'Приквел сериала \"Сверхъестественное\" закрыт после первого сезона',NULL,'Телеканал The CW решил не продлевать новый сериал \"Винчестеры\" на второй сезон. Приквел знаменитого ','Телеканал The CW решил не продлевать новый сериал \"Винчестеры\" на второй сезон. Приквел знаменитого шоу \"Сверхъестественное\" был одним из перспективных для обновленной сети, однако ее новый владелец Nexstar, фокусируется на программировании без сценариев и с более низкой стоимостью производства в погоне за прибыльностью.\r\nТаким образом, на момент написания заметки на следующий сезон были продлены только самые сильные из существующих сценарных сериалов The CW: \"Настоящий американец\" и \"Уокер\". Три наименее рейтинговых - \"Винчестеры\", \"Кунг-фу\" и \"Уокер: Независимость\" - были отменены. В подвешенном состоянии остаются \"Супермен и Лоис\" и \"Настоящий американец: Возвращение домой\", а также новый телекомикс \"Рыцари Готэма\".Студия Warner Bros. Television готовится к поиску для \"Винчестеров\" нового \"дома\" и, по словам инсайдеров, планирует быть агрессивной в своих усилиях. Исполнительный продюсер сериала и звезда оригинального шоу Дженсен Эклс уже инициировал кампанию по спасению сериала в социальных сетях, обратившись за поддержкой к фанатам \"Сверхъестественного\", просуществовавшего 15 сезонов.О чем сериал \"Винчестеры\"?\r\n\"Винчестеры\" по сценарию Робби Томпсона являются приквелом к легендарному сериалу The CW \"Сверхъестественное\", в центре которого находятся будущие родители Дина и Сэма Винчестеров - Джон и Мэри. Рассказанный от лица Дина Винчестера (Дженсен Эклс), сериал \"Винчестеры\" представляет собой эпическую историю любви о том, как Джон (Дрэйк Роджер) и Мэри (Мэг Доннелли) поставили на карту все, чтобы спасти не только свою любовь, но и весь мир.','https://www.kinonews.ru/insimgs/2023/newsimg/big/newsimg116059.webp',NULL,NULL,NULL,'PUBLISHED',0,'2023-05-15 07:17:49','2023-05-15 07:17:49',NULL,1),(21,1,'Работы по созданию сиквела сериала \"Одни из нас\" остановлены',NULL,'Второй сезон ставшего настоящим хитом сериала HBO \"Одни из нас\" ощущает на себе последствия забастов','Второй сезон ставшего настоящим хитом сериала HBO \"Одни из нас\" ощущает на себе последствия забастовки сценаристов. По словам инсайдера, близкого к производству, кастинг для второго сезона экранизации одноименной видеоигры шел полным ходом до начала текущей недели, а затем был приостановлен.\r\nДо этого многочисленные источники сообщали, что команда по кастингу просила актеров прочитать отрывки, взятые непосредственно из видеоигры \"Одни из нас: Часть 2\", на которой будет основан второй сезон сериала, поскольку на данный момент нет сценариев для продолжения. По осторожным прогнозам, съемки нового сезона начнутся в начале 2024 года в Ванкувере.Отсутствие сценариев ко второму сезону не удивительно в связи с тем, что в последние дни соавтор сериала и шоураннер Крэйг Мазин принимал участие в пикете со своими коллегами - членами Гильдии сценаристов Америки (WGA). В настоящее время он не занимается никакой писательской или продюсерской работой, включая участие в кастинге для второго сезона, в соответствии с руководящими принципами забастовки WGA. Аналогичным образом, Нил Дракманн, соавтор сериала, его сценарист и креативный директор видеоигр, в настоящее время не работает над вторым сезоном шоу ни в каком качестве.\"Одни из нас\" (\"The Last of Us\"). Дата выхода - 15.01.2023\r\nСериал был быстро продлен на второй сезон после выхода в эфир всего двух эпизодов, а его звезды - Педро Паскаль и Белла Рэмси вернутся в роли Джоэла и Элли. Крэйг Мазин написал большую часть сценариев к первому сезону, состоящему из девяти серий, а сценарии к премьерному и финальному эпизодам он написал в соавторстве с Нилом Дракманном. В свою очередь, Нил Дракманн создал сценарий к седьмому эпизоду \"Оставшиеся позади\". Шоу дебютировало в январе 2023 года на канале HBO, получив восторженные отзывы и высокие рейтинги. Финал сезона собрал 8,2 миллиона зрителей.','https://www.kinonews.ru/insimgs/2023/newsimg/big/newsimg116062.webp',NULL,NULL,NULL,'PUBLISHED',0,'2023-05-15 07:17:49','2023-05-15 07:17:49',NULL,1),(22,1,'Ванесса Кирби не нашла страха у Тома Круза',NULL,'Звезда фильма \"Миссия невыполнима 7\" Ванесса Кирби рассказала о съемках самых опасных трюков, которы','Звезда фильма \"Миссия невыполнима 7\" Ванесса Кирби рассказала о съемках самых опасных трюков, которые довелось выполнять ее партнеру Тому Крузу, и отметила, что у него \"совершенно нет страха\".\"Он делал это много раз за один день, - вспоминает актриса съемки сцены прыжка на мотоцикле с утеса. - Он делал это последовательно и неоднократно, чтобы запечатлеть со всех возможных ракурсов. Если Том Круз и нервничал, то никак этого не показывал. Он был абсолютно спокойным. У него не было страха. Он просто находил это волнующим. Такая сильная вера в кино, в то, чего можно достичь, и его страсть к этому так вдохновляют. Он верит, что может сделать невозможное, и делает. Мне очень нравится быть частью франшизы. Я вернулась с большим удовольствием\", - прокомментировала она.Напомним, что \"Миссия невыполнима 7\" разделена на две части. Режиссер Кристофер МакКуорри объяснял это так: \"Когда я придумывал название, я знал, что оно больше относится ко второй серии, чем к первой, вот почему в конечном итоге проект обзавелся первой и второй частями.  И по мере того, как мы действительно начинали углубляться в историю путешествия персонажа Итана Ханта, это приобретало все более глубокий смысл\".Трейлер фильма \"Миссия невыполнима 7. Смертельная расплата. Часть 1\" можно посмотреть по этой ссылке https://www.kinonews.ru/movie_273603/mission-impossible-7.Когда выйдет фильм \"Миссия невыполнима 7. Смертельная расплата. Часть 1\"?\r\nСтудия Paramount планирует выпустить картину в прокат 12 июля 2023 года. Бюджет проекта оценивается в 290 миллионов долларов.','https://www.kinonews.ru/insimgs/2023/newsimg/big/newsimg116063.webp',NULL,NULL,NULL,'PUBLISHED',0,'2023-05-15 07:17:49','2023-05-15 07:17:49',NULL,1),(23,1,'Премьера трейлера сериала \"Ходячие мертвецы: Мертвый город\"',NULL,'Канал AMC представил трейлер сериала \"Ходячие мертвецы: Мертвый город\" - спин-офф знаменитой зомби-д','Канал AMC представил трейлер сериала \"Ходячие мертвецы: Мертвый город\" - спин-офф знаменитой зомби-драмы \"Ходячие мертвецы\", - который начинается словами одной из любимых фанатами героини оригинального сериала Мэгги (Лорен Кохэн): \"Мы должны найти выход отсюда\". \"Ты не хочешь сказать мне, куда, черт возьми, мы направляемся?\" - задает ей вопрос другой популярный персонаж телекомикса Ниган (Джеффри Дин Морган), когда они на моторной лодке въезжают в разрушенный Манхэттен.\r\n\"Ходячие мертвец: Мертвый город\" рассказывает о Мэгги и Нигане, путешествующих по постапокалиптическому Манхэттену, давным-давно отрезанному от материка. Разрушающийся город наполнен мертвецами и жителями, которые превратили Нью-Йорк в свой собственный мир, полный анархии, опасности, красоты и ужаса.В ведущих ролях также задействованы Гай Чарльз и Желько Иванек, а также Джонатан Хиггинботэм, Махина Наполеон, Трей Сантьяго-Хадсон и Чарли Солис. Эли Хорн, сценарист и со-исполнительный продюсер \"Ходячих мертвецов\" в течение нескольких сезонов, выступает в качестве шоураннера и исполнительного продюсера сериала, который курирует Скотт М. Гимпл, директор по контенту вселенной \"Ходячих мертвецов\". Лорен Кохэн и Джеффри Дин Морган также выступают в качестве исполнительных продюсеров.Премьера сериала состоится на AMC и AMC+ 18 июня 2023 года. Трейлер сериала \"Ходячие мертвецы: Мертвый город\" можно посмотреть по ссылке https://www.kinonews.ru/serial_350886/the-walking-dead-dead-cityЧто говорит о сериале \"Ходячие мертвецы: Мертвый город\" его шоураннер?\r\n\"Это \"Ходячие мертвецы\", каких мы никогда раньше не видели. На самом деле, мы никогда не жили в таком городе, как этот, - сказал Эли Хорн на мероприятии WonderCon ранее в текущем году. - Это Нью-Йорк; там небоскребы до небес и полтора миллиона пешеходов. А для таких персонажей, как Мэгги и Ниган, которые долгое время бегали по лесу, это просто совершенно новый мир, который вызывает жуткую клаустрофобию, пугает, а также, как вы обнаружите, в нем есть выжившие, вы сможете увидеть все новые странные способы их жизни в апокалипсисе - это определенно не похоже ни на что, что вы видели раньше\".','https://www.kinonews.ru/insimgs/2023/newsimg/big/newsimg116060.webp',NULL,NULL,NULL,'PUBLISHED',0,'2023-05-15 07:17:49','2023-05-15 07:17:49',NULL,1),(24,1,'Моника Беллуччи сыграет в сиквеле фильма \"Битлджус\"',NULL,'В актерском составе сиквела фильма \"Битлджус\" произошло значительное пополнение. К нему присоединила','В актерском составе сиквела фильма \"Битлджус\" произошло значительное пополнение. К нему присоединилась популярная итальянская актриса Моника Беллуччи. Утверждается, что ей уготована роль супруги самого Битлджуса.Это интересный поворот, поскольку можно представить, что женщина, которая приручила призрака, сама по себе является сверхъестественным существом или, будучи вполне себе живой, обладает каким-то даром.Ранее стало известно, что Майкл Китон возвращается, чтобы сыграть Битлджуса, а Тим Бертон вновь займет режиссерское кресло. Композитор  оригинальной ленты Дэнни Элфман собирается заняться саундтреком. Актриса Дженна Ортега исполнит роль дочери Лидии Дитц, Вайнона Райдер вернется в роли Лидии, а Кэтрин О`Хара исполнит роль мачехи Лидии Делии.Студия Warner Bros. уже забронировала дату выхода фильма \"Битлджус 2\". Он будет представлен зрителям 5 сентября 2024 года.\r\nО чем фильм \"Битлджус\"?\r\nВ оригинальной ленте пара по имени Адам и Барбара неожиданно умерли и оказались призраками, запертыми в своем живописном доме. Этот дом покупают несколько эксцентричных нью-йоркских яппи, в том числе будущая художница Делия Дитц, падчерица Делии Лидия (угрюмая девушка-гот и единственная, кто может видеть призраков Адама и Барб). Чтобы выгнать Дитц из своего дома, Адам и Барб обращаются к призрачному \"био-экзорцисту\" по имени Битлджус.Лучшие фильмы Моники Беллуччи\r\nАктриса известна во всем мире благодаря итальянским и французским фильмам, таким как \"Малена\" и \"Братство волка\". В США она принимала участие в самых разных постановках - от фантастического фильма \"Матрица\" до \"Страстей Христовых\" и картины о Джеймсе Бонде \"007: Спектр\".','https://www.kinonews.ru/insimgs/2023/newsimg/big/newsimg116061.webp',NULL,NULL,NULL,'PUBLISHED',0,'2023-05-15 07:17:49','2023-05-15 07:17:49',NULL,1),(25,1,'\"Форсаж 10\". Дочь Пола Уокера рассказала о своей роли',NULL,'Дочь погибшей звезды франшизы \"Форсаж\" Пола Уокера рассказала о своем участии в создании фильма \"Фор','Дочь погибшей звезды франшизы \"Форсаж\" Пола Уокера рассказала о своем участии в создании фильма \"Форсаж 10\". Отчет об этом был опубликован на ее странице в социальной сети.\"Первый взгляд на мою эпизодическую роль в \"Форсаже 10\". А первый опыт был, когда мне испрлнился всего один год! Я выросла на съемочной площадке, наблюдая за своим отцом, Вином, Джорданой, Мишель, Крисом и многими другими на мониторах. Благодаря моему отцу я родилась в семье Форсажа. Я не могу поверить, что теперь я тоже буду там, вместе с ними. С теми, кто был рядом и видел, как я росла. Спасибо, Луи Летерье за доброту, терпение и поддержку. Такое чувство, что вы являлись частью семьи с самого начала, я счастлива, что это действительно только начало. Отдельное спасибо лучшему другу моего отца, который теперь и мой лучший друг, без тебя это было бы невозможно. Я так счастлива, что могу чтить наследие моего отца и делиться им с ним вечно. Я так сильно вас всех люблю\", - написала Мидоу Уокер.Напомним, что фильм \"Форсаж 10\" будет выпущен в мировой прокат 17 мая 2023 года. Подробнее о проекте можно узнать по этому адресу https://www.kinonews.ru/movie_228626/fast-i-furious-10.\r\nБудут ли в фильме \"Форсаж 10\" сцены с Полом Уокером?\r\nПосле кончины актера франшиза отдала ему дань уважения различными способами. \"Форсаж 9\" закончился тем, что машина Брайана подъехала, чтобы присоединиться к остальной части его \"семьи\" за ужином. Недавно Вин Дизель заверил фанатов, что в последних двух фильмах запланированы настоящие проводы Брайана. Луи Летерье также намекал на наличие таких сцен. \"Ну, Брайан жив в мире \"Форсажа\". Этот фильм перескакивает взад и вперед между прошлым и настоящим. Вы увидите Брайана в прошлом, но вы не увидите его в настоящем\".','https://www.kinonews.ru/insimgs/2023/newsimg/big/newsimg116058.webp',NULL,NULL,NULL,'PUBLISHED',0,'2023-05-15 07:17:50','2023-05-15 07:17:50',NULL,1),(26,1,'Эмма Робертс отправится в космос в научно-фантастическом триллере \"Астронавт\"',NULL,'Signature Entertainment приобрела права на научно-фантастический триллер \"Астронавт\" с Эммой Робертс','Signature Entertainment приобрела права на научно-фантастический триллер \"Астронавт\" с Эммой Робертс (\"Знакомство родителей\") и Лоуренсом Фишборном (\"Матрица\") в главных ролях.\r\nВ полнометражном режиссерском дебюте Джессики Варлей (\"Фобии\") рассказывается об астронавте Сэм Уокер (Эмма Робертс), которая, вернувшись из своего первого космического полета, чудесным образом оказывается живой в пробитой капсуле, плавающей далеко от побережья Атлантического океана. Генерал Уильям Харрис (Лоуренс Фишборн) помещает ее под усиленное наблюдение НАСА в хорошо охраняемое учреждение для реабилитации и медицинского тестирования. Однако, когда в здании начинает происходить нечто странное, Уокер приходит к выводу, что нечто инопланетное последовало за ней на Землю.Продюсерами \"Астронавта\" выступят ветераны жанра: Брэдли Фуллер (\"Тихое место\"), Эрик Б. Флайшмен (\"Не отпускай\") и Камерон Фуллер (\"Девушка в лесу\").\"Мы гордимся тем, что представим зрителям еще один качественный научно-фантастический фильм - на этот раз захватывающий приключенческий триллер с Эммой Робертс, который заставит зрителей затаить дыхание\", - говорится в заявлении руководства Signature Entertainment.Лучшие научно-фантастические космические триллеры\r\n\"Чужой\" (1979)\"Чужие\" (1986)\"Звездный десант\" (1997)\"Живое\" (2017)\"Прометей\" (2012)','https://www.kinonews.ru/insimgs/2023/newsimg/big/newsimg116039.webp',NULL,NULL,NULL,'PUBLISHED',0,'2023-05-15 07:17:50','2023-05-15 07:17:50',NULL,1),(27,1,'Киллиан Мерфи назвал сценарий драмы \"Оппенгеймер\" \"лучшим\"',NULL,'Исполнитель роли одного из самых сложных и противоречивых людей в истории в предстоящем фильме Крист','Исполнитель роли одного из самых сложных и противоречивых людей в истории в предстоящем фильме Кристофера Нолана \"Оппенгеймер\" Киллиан Мерфи заявил, что сценарий драмы - \"лучший из тех, которые я когда-либо читал\". История полностью рассказана от первого лица - с точки зрения физика Дж. Роберта Оппенгеймера, что актер оценил по достоинству. \"Я думаю, что фильм сенсационный. Как человек, который любит кино - я говорю это не потому, что я в этой долбаной профессии, я ненавижу смотреть на себя, - но как любитель кино, как киноман, я фанат Криса Нолана\".В то время как Киллиан Мерфи воздержался от слишком подробного рассказа о том, что думает об ученом, он все же сделал небольшой комментарий о своем отношении к Оппенгеймеру. Он объяснил, что, когда играл физика в \"Пекле\" (2007), он провел некоторое время с настоящим физиком Брайаном Коксом и многому у него научился. \"У меня никогда не будет таких интеллектуальных способностей - не у многих из нас они есть, - но мне нравилось слушать. С таким интеллектом, который, я думаю, на самом деле может быть обузой, вы не видите вещи в обычном свете, как видим их мы. Все многогранно и вот-вот рухнет\".Что касается мнения Кристофера Нолана о выборе Киллиана Мерфи на главную роль, он считает, что \"экстраординарные способности актера к сопереживанию\" помогут зрителям, которые придут посмотреть на Оппенгеймера, проникнуть в многослойный мыслительный процесс ученого. Он объяснил, что своей актерской игрой Киллиан Мерфи демонстрирует не только интеллект, но и силу таким образом, что люди по-настоящему прислушиваются к нему.В скольких фильмах Кристофера Нолана снялся Киллиан Мерфи?\r\nКиллиан Мерфи снялся в общей сложности в шести режиссерских и продюсерских проектах Кристофера Нолана: \"Бэтмен: начало\" (2005), \"Темный рыцарь\" (2008), \"Начало\" (2010), \"Превосходство\" (2014), \"Дюнкерк\" (2017), \"Оппенгеймер\" (2023).','https://www.kinonews.ru/insimgs/2023/newsimg/big/newsimg116036.webp',NULL,NULL,NULL,'PUBLISHED',0,'2023-05-15 07:17:50','2023-05-15 07:17:50',NULL,1),(28,1,'Сэм Уортингтон получит 100 миллионов за \"Аватар 2: Путь воды\"',NULL,'Исполнитель главной роли в фильме \"Аватар 2: Путь воды\" Сэм Уортингтон стал одним из самых высокоопл','Исполнитель главной роли в фильме \"Аватар 2: Путь воды\" Сэм Уортингтон стал одним из самых высокооплачиваемых актеров в истории кино.Утверждается, что за его совокупный заработок за исполнение роли Джейка Салли в сиквеле составил более 100 миллионов долларов. Такую колоссальную сумму Сэм Уортингтон смог заработать благодаря условиям своего контракта, предполагающего фиксированный гонорар в размере 10 миллионов долларов и пять процентов от кассовых сборов.Так как \"Аватар 2: Путь воды\" смог собрать в мировом прокате более 2,3 миллиарда долларов, то нетрудно подсчитать, что пять процентов от этой суммы и составят указанные выше 100 миллионов долларов.Таким образом, Сэм Уортингтон, присоединился к компании Тома Круза, который претендовал на сравнимую сумму из-за неожиданного успеха военного боевика \"Топ Ган: Мэверик\", собравшего более 1,5 миллиарда долларов. Контракт Тома Круза также предполагал выплату процента от кассовых сборов.Отметим, что Сэм Уортингтон будет загружен работой во франшизе \"Аватар\" еще долгие годы, поэтому его заработки могут существенно вырасти с выходом каждой следующей серии этого проекта.Когда выйдет фильм \"Аватар 3\"?\r\nДжеймс Кэмерон планирует представить третью серию в декабре 2024 года. По словам режиссера, структура фильма будет отличаться от привычной для зрителя. В нем появятся новые рассказчики, от лица которых будет вестись повествование.','https://www.kinonews.ru/insimgs/2023/newsimg/big/newsimg116038.webp',NULL,NULL,NULL,'PUBLISHED',0,'2023-05-15 07:17:50','2023-05-15 07:17:50',NULL,1),(29,1,'\"Стражи Галактики 3\" вывели Дисней в лидеры мирового проката',NULL,'Компания Дисней стала первым в 2023 году голливудским мейджором, мировые кассовые сборы кинопроектов','Компания Дисней стала первым в 2023 году голливудским мейджором, мировые кассовые сборы кинопроектов которого превысили два миллиарда долларов.Произошло это в значительной степени благодаря успешному старту экранизации комиксов Марвел \"Стражи Галактики. Часть 3\", которая заработала в свои премьерные выходные значительно больше, чем сулили ей ранние прогнозы - 289 миллионов долларов. На момент публикации данной заметки сборы уже составляли около 350 миллионов долларов.Крупнейшими международными рынками для \"Стражей Галактики 3\" стали Китай ($31,4млн), Великобритания ($20 млн), Мексика ($14,8млн), Южная Корея ($14 млн), Франция ($11,9млн), Германия ($7,9млн), Австралия ($7,6млн), Бразилия ($7,4млн), Италия ($5,5 млн), Япония (5,3 млн долл.) и Индонезия (5 млн долл.).Сборы на таком важном для фильмов Марвел рынке как российский пока не поддаются исчислению, но очевидно, что они будут одними из самых внушительных в Европе, несмотря на то, что официально компания Дисней отказалась от дистрибуции своих фильмов в России.Почитать рецензию пользователей портала \"Новости кино\" на фильм \"Стражи Галактики. Часть 3\" можно по этой ссылке https://www.kinonews.ru/article_116020/.Будут ли \"Стражи Галактики 4\"?\r\nДальнейшая судьба команды супергероев пока не определена, хотя отдельные сцены в третьей части намекали на возможное возвращение некоторых персонажей. Известно лишь, что \"Стражи Галактики 3\" стал последим фильмом серии для режиссера Джеймса Ганна.','https://www.kinonews.ru/insimgs/2023/newsimg/big/newsimg116037.webp',NULL,NULL,NULL,'PUBLISHED',0,'2023-05-15 07:17:50','2023-05-15 07:17:50',NULL,1),(30,1,'Линдси Лохан и Джеми Ли Кертис возвращаются в \"Чумовую пятницу\"',NULL,'Студия Disney работает над продолжением комедии 2003 года \"Чумовая пятница\", в которой Джеми Ли Керт','Студия Disney работает над продолжением комедии 2003 года \"Чумовая пятница\", в которой Джеми Ли Кертис и Линдси Лохан, как ожидается, вернутся к своим ролям. Элиз Холландер занимается написанием сценария к сиквелу.\r\nНапомним, что в комедии 2003 года Джеми Ли Кертис и Линдси Лохан сыграли мать и дочь, которые однажды, проснувшись в пятницу, понимают, что поменялись телами. Фильм был снят Марком Уотерсом по роману Мэри Роджерс 1972 года \"Причудливая пятница\" и собрал в мировом прокате 160 миллионов долларов.Слухи о возможном продолжении начали просачиваться ранее в текущем году, когда Джеми Ли Кертис, оказавшаяся в центре внимания во время наградного сезона за работу в фантастической комедии \"Все везде и сразу\", неоднократно упоминала, что хотела бы повторить роль и что общается с Disney по этому поводу.\"Это произойдет, - уточнила Джеми Ли Кертис на церемонии вручения премии Гильдии продюсеров США 26 февраля 2023 года. - Не говоря уже о том, что официально что-то происходит, я смотрю на вас в этот момент и говорю: \"Конечно, это произойдет\". Это должно произойти\".Как родилась идея о сиквеле фильма \"Чумовая пятница\"?\r\n\"Пока я колесила по всему миру с фильмом \"Хэллоуин заканчивается\", люди хотели знать, будет ли еще одна \"Чумовая пятница\", - рассказала Джеми Ли Кертис в интервью New York Times. - Меня это действительно задело за живое. Когда я вернулась, я позвонила своим друзьям в Disney и сказала: \"Такое чувство, что нам надо снять новый фильм\".Со своей стороны Линдси Лохан добавила: \"Джеми и я обе открыты для этого, поэтому мы оставляем это на усмотрение студии. Мы бы сделали только то, от чего люди пришли бы в восторг\".','https://www.kinonews.ru/insimgs/2023/newsimg/big/newsimg116033.webp',NULL,NULL,NULL,'PUBLISHED',0,'2023-05-15 07:17:50','2023-05-15 07:17:50',NULL,1),(31,1,'Дольф Лундгрен рассказал о борьбе с онкологией',NULL,'Звезда боевиков 80-х и 90-х годов Дольф Лундгрен впервые признался, что последние восемь лет он врем','Звезда боевиков 80-х и 90-х годов Дольф Лундгрен впервые признался, что последние восемь лет он время от времени боролся с раком в частном порядке. По словам актера, врачи впервые обнаружили и удалили раковую опухоль на почке актера в 2015 году.“Затем я делал сканирование каждые шесть месяцев, потом вы делаете это каждый год, и все было нормально, знаете ли, в течение пяти лет. Но в 2020 году я вернулся в Швецию, и у меня было что-то вроде кислотного рефлюкса или… Я не знал, что это было. Поэтому я сделал МРТ, и они обнаружили, что в этой области было еще несколько опухолей”, - рассказал Дольф Лундгрен.Он уточнил, что в то время было обнаружено еще шесть опухолей, одна из которых оказалась слишком большой для удаления, поэтому ему пришлось начать системную терапию. Еще больше новообразований было обнаружено осенью 2021 года, когда Лундгрен прибыл в Лондон для съемок продолжений фильмов \"Аквамен\" и \"Неудержимые\".\r\n\"Мы поняли, что все намного хуже, чем мы думали. Доктор как бы начал говорить обо всех этих различных опухолях, например, в легких, желудке и позвоночнике, за пределами почек. Он начал говорить что-то вроде: \"Тебе, наверное, следует взять перерыв и проводить больше времени со своей семьей’, и так далее. Я спросил его: \"Как ты думаешь, сколько мне осталось?\" Он сказал, что два или три года, но по его голосу я понял, что он, вероятно, думал, что меньше\", - добавил Дольф Лундгрен.Актер отметил, что начал экспериментальное лечение, которое \"уменьшило его опухоли примерно на 20-30 процентов в течение трехмесячного периода\".“2022 год был, по сути, годом наблюдения за тем, как эти лекарства делают свое дело. В конце концов, все сократилось примерно до 90 процентов. Сейчас я нахожусь в процессе удаления оставшейся рубцовой ткани в этих опухолях\", - заключил он.Какие роли играет сейчас Дольф Лундгрен?\r\nАктер повторяет свою роль короля в фильме Warner Bros.’ “Аквамен 2”, премьера в кинотеатрах 20 декабря. Он также в четвертый раз повторяет роль Ганнера Дженсена в “Неудержимых 4”, премьера которого состоится 22 сентября.','https://www.kinonews.ru/insimgs/2023/newsimg/big/newsimg116027.webp',NULL,NULL,NULL,'PUBLISHED',0,'2023-05-15 07:17:51','2023-05-15 07:17:51',NULL,1),(32,1,'Аль Пачино сыграет в режиссерском проекте Джонни Деппа',NULL,'.Джонни Депп накануне своего возвращения в мир большого кино, которое состоится на Каннском кинофест','.Джонни Депп накануне своего возвращения в мир большого кино, которое состоится на Каннском кинофестивале в фильме \"Жанна Дюбарри\", объявил актерский состав своего режиссерского проекта \"Modi\". Биографический фильм об итальянском художнике Амедео Модильяни \"Modi\" возглавят Аль Пачино (\"Запах женщины\"), Риккардо Скамарчио (\"Джон Уик 2\") и лауреат премии \"Сезар\" Пьер Нинэ (\"Маскарад\").Съемки фильма - первой режиссерской работы Джонни Деппа за последние 25 лет - должны начаться в Будапеште осенью текущего года, а сам проект будет представлен потенциальным покупателям на Каннском кинорынке. На момент написания заметки проводится кастинг. Никола Пекорини (\"Человек, который убил Дон Кихота\") назначен оператором.\r\nОснованный на пьесе Денниса Макинтайра и адаптированный Ежи и Мэри Кромоловски, фильм расскажет историю знаменитого художника и скульптора Амедео Модильяни во время его пребывания в Париже в 1916 году.\r\nИтальянец Риккардо Скамарчио исполнит роль титульного персонажа, француз Пьер Нинэ сыграет роль художника Мориса Утрилло, а Аль Пачино предстанет в роли международного коллекционера произведений искусства Гангната.О чем будет фильм Джонни Деппа \"Modi\"?\r\nФильм расскажет о жизни итальянского художника Амедео Модильяни на протяжении бурных и насыщенных событиями 48 часов, в течение которых он скрывается от полиции, петляя по улицам и барам истерзанного войной Парижа. Его желание преждевременно завершить карьеру и уехать из города отвергают его богемные приятели: французский художник Морис Утрилло, уроженец Беларуси художник Хаим Сутин и его английская муза и возлюбленная Беатрис Гастингс. Моди обращается за советом к своему другу - польскому коллекционеру и торговцу произведениями искусства Леопольду Зборовскому, но хаос достигает апогея, когда он сталкивается с коллекционером, который может изменить его жизнь.','https://www.kinonews.ru/insimgs/2023/newsimg/big/newsimg116026.webp',NULL,NULL,NULL,'PUBLISHED',0,'2023-05-15 07:17:51','2023-05-15 07:17:51',NULL,1),(33,1,'В Египте снимут \"ответ\" черной Клеопатре',NULL,'Государственный египетский телеканал ответил на споры вокруг выбора черной актрисы для роли Клеопатр','Государственный египетский телеканал ответил на споры вокруг выбора черной актрисы для роли Клеопатры в документально-художественном сериале \"Африканские царицы\" от Нетфликс, который доступен с 10 мая. Он объявил о начале производства собственного фильма о Клеопатре с большим бюджетом и с белой исполнительницей главной роли.Ранее высший совет по античностям Египта, правительственное учреждение, ответственное за древнее наследие, заявило на своей официальной странице в социальной сети, что \"статуи Клеопатры подтверждают, что у нее были очевидные \"греческие черты с типичной светлой кожей, вытянутым носом и тонкими губами\".Теперь же канал Al Wathaeqya, являющийся дочерним предприятием египетской государственной компании United Media Services, объявил о начале производства документального фильма о \"настоящей истории царицы Клеопатры\", который, как утверждается в заявлении, основан на \"самых точных научных исследованиях\".“Почему некоторым людям нужно, чтобы Клеопатра была белой? - написала режиссер шоу \"Африканские царицы\" Тина Гарави в статье, защищающей кастинг. - Возможно, дело не только в том, что я сняла сериал, в котором Клеопатра изображена черной, но и в том, что я предложила египтянам ощутить себя африканцами, и они злятся на меня за это\".\r\nЧто не так с черной Клеопатрой?\r\nВыбор Адель Джеймс, чернокожей британской актрисы, для роли египетской правительницы в оригинальном сериале Нетфликс от продюсера Джады Пинкетт Смит вызвал бурю негодования в Египте. С момента выхода трейлера местные ученые и эксперты отмечали, что Клеопатра, родившаяся в египетском городе Александрия в 69 году до нашей эры и принадлежавшая к греческой династии, была представительнице европеоидной расы, а не черной. Они считают, что создатели сериала занимаются фальсификацией истории Египта.','https://www.kinonews.ru/insimgs/2023/newsimg/big/newsimg116022.webp',NULL,NULL,NULL,'PUBLISHED',0,'2023-05-15 07:17:51','2023-05-15 07:17:51',NULL,1),(34,1,'Ubisoft отказалась от ремейков \"Принца Персии\"',NULL,'Компания Ubisoft не планирует делать никаких дополнительных ремейков популярной серии видеоигр \"Прин','Компания Ubisoft не планирует делать никаких дополнительных ремейков популярной серии видеоигр \"Принц Персии\". Издатель не стал вдаваться в дальнейшие подробности.Ранее Ubisoft анонсировала ремейк \"Принц Персии: Пески Времени\". Предполагалось, что игра под названием \"Prince of Persia: The Sands of Time Remake\" выйдет довольно быстро после объявления, но никаких обновлений по проекту пока не было. Источники отмечали, что оригинальная игра была в значительной степени перезагружена внутри компании, и Ubisoft вернулась к разработке. Эта новость была довольно разочаровывающей для многих фанатов.Возможно, если этот ремейк будет успешным, компании будет трудно игнорировать возможность и дальше эксплуатировать свой каталог, но это еще предстоит выяснить.Однако это не значит, что Ubisoft выступает против ремейков в целом. В настоящее время она занимается обновлением игры \"Splinter Cell\". Пока неясно, насколько она далека от релиза, но, надеюсь. В любом случае, очевидно, что переделать игру немного сложнее, чем просто \"подтянуть\" графику оригинала.\r<br><br>Что такое ремейки популярной видеоигры?\r<br><br>Ремейки - довольно заметный тренд, появившийся в игровой индустрии в последнее десятилетие. Многие франшизы и любимые игры в значительной степени недоступны или просто морально устарели, что делает их довольно непривлекательными для людей, которые либо хотят вернуться к ним, либо для тех, кто хочет попробовать их впервые. Издатели поняли, что могут заработать немало денег, обновив классику современной графикой, улучшив управление и даже изменив сюжетные линии. Некоторые ремейки оставляют желать лучшего, но, как правило, в большинстве случаев они проходят довольно хорошо.','https://www.kinonews.ru/insimgs/2023/newsimg/big/newsimg116398.webp',NULL,NULL,NULL,'PUBLISHED',0,'2023-05-26 08:59:35','2023-05-26 08:59:35',NULL,1),(35,1,'Первая часть \"Миссия невыполнима 7\" станет самой продолжительной',NULL,'\"Миссия невыполнима 7. Смертельная расплата. Часть 1\" станет самым продолжительным фильмом франшизы,','\"Миссия невыполнима 7. Смертельная расплата. Часть 1\" станет самым продолжительным фильмом франшизы, возглавляемой Томом Крузом. По инсайдерской информации, хронометраж нового шпионского триллера составляет два часа 36 минут - и это без учета титров. В окончательном варианте с титрами \"Миссия невыполнима 7. Смертельная расплата. Часть 1\", вполне возможно, продлится два часа 45 минут или даже дольше.\r<br><br>Для сравнения ниже приведен хронометраж предыдущих частей серии \"Миссия невыполнима\":\"Миссия невыполнима\" (1996) - один час 50 минут\"Миссия невыполнима 2\" (2000) - два часа четыре минуты\"Миссия невыполнима 3\" (2006) - два часа шесть минут \"Миссия невыполнима 4: Протокол Фантом\" (2011) - два часа 13 минут\"Миссия невыполнима 5: Племя изгоев\" (2015) - два часа 11 минут\"Миссия невыполнима 6: Последствия\" (2018) - два часа 27 минутТаким образом, новый фильм длится на девять минут дольше, чем сиквел 2018 года даже без учета финальных титров. Можно только предполагать как долго продлится \"Миссия невыполнима 8. Смертельная расплата. Часть 2\", восьмой и, возможно, последний фильм серии, когда он наконец выйдет в прокат.\r<br><br>Когда выйдет в прокат \"Миссия невыполнима 7. Смертельная расплата. Часть 1\"?\r<br><br>Седьмой фильм франшизы выйдет в кинотеатрах 12 июля 2023 года. Согласно официальному синопсису, \"Итан Хант (Том Круз) и его команда приступят к своей самой опасной миссии на сегодняшний день: выследить новое страшное оружие, которое угрожает всему человечеству, прежде чем оно попадет не в те руки\". Помимо Тома Круза, в картине заняты Хейли Этвелл, Винг Рэймс, Саймон Пегг, Ребекка Фергюсон, Ванесса Кирби, Пом Клементьефф и Генри Черни. Продолжение - \"Миссия невыполнима 8. Смертельная расплата. Часть 2\" - предполагают выпустить в прокат 28 июня 2024 года.\r','https://www.kinonews.ru/insimgs/2023/newsimg/big/newsimg116396.webp',NULL,NULL,NULL,'PUBLISHED',0,'2023-05-26 08:59:36','2023-05-26 08:59:36',NULL,1),(36,1,'Сериал \"Цитадель\" продлен на второй сезон',NULL,'Сериал \"Цитадель\" вернется с новым сезоном. Стриминг Amazon Prime Video подтвердил продление популяр','Сериал \"Цитадель\" вернется с новым сезоном. Стриминг Amazon Prime Video подтвердил продление популярного глобального шпионского триллера с Ричардом Мэдденом и Приянкой Чопрой в главных ролях на второй сезон. Джо Руссо займет режиссерское кресло и снимет второй сезон полностью, а Дэвид Вейл вернется в качестве шоураннера сериала. Лесли Мэнвилл и Стэнли Туччи продолжат исполнять свои роли во втором сезоне.\r<br><br>Продление сериала было ожидаемым с учетом зрительской аудитории первого сезона. По данным Prime Video, \"Цитадель\" совместного производства Amazon Studios и принадлежащей братьям Руссо AGBO, является вторым по популярности новым оригинальным сериалом стриминга за пределами США и четвертым по популярности во всем мире.\"\"Цитадель\" - это поистине глобальное явление, - говорится в заявлении главы Amazon и MGM Studios Дженнифер Солк. - Нашей целью всегда было создание новой франшизы, основанной на оригинальной идее, которая увеличила бы международную аудиторию Prime Video. Это шоу привлекло на Prime Video огромное количество новых международных клиентов. Огромная аудитория во всем мире является свидетельством замечательного видения Джо и Энтони Руссо, невероятных Ричарда Мэддена, Приянки Чопры, Лесли Мэнвилл и Стэнли Туччи, а также неустанной работы творческих коллективов, актеров и съемочной группы. Мы не только рады поделиться премьерным эпизодом \"Цитадели\" по всему миру без подписки, но и подтверждаем, что сериал вернется на второй сезон\".\r<br><br>О чем сериал \"Цитадель\"?\r<br><br>Восемь лет назад Цитадель пала. Независимое международное шпионское агентство, которому было поручено обеспечивать безопасность всех людей, было уничтожено оперативниками Мантикоры, могущественного синдиката, манипулирующего миром из тени. С падением Цитадели элитным агентам Мейсону Кейну и Нади Синх стерли память, и они чудом спаслись. С тех пор они строили новую жизнь под новыми личностями, не подозревая о своем прошлом, пока однажды ночью Мейсона не выслеживает его бывший коллега по Цитадели Бернард Орлик, отчаянно нуждающийся в его помощи, чтобы помешать Мантикоре установить новый мировой порядок.','https://www.kinonews.ru/insimgs/2023/newsimg/big/newsimg116385.webp',NULL,NULL,NULL,'PUBLISHED',0,'2023-05-26 08:59:36','2023-05-26 08:59:36',NULL,1),(37,1,'Съемки фильма Марвел \"Громовержцы\" остановлены',NULL,'Производство предстоящего фильма Marvel Studios \"Громовержцы\", съемки которого должны были начаться ','Производство предстоящего фильма Marvel Studios \"Громовержцы\", съемки которого должны были начаться в Атланте в июне 2023 года, приостановлено из-за продолжающейся забастовки сценаристов. Студия планирует возобновить производство после того, как забастовка завершится.\r<br><br>Напомним, что \"Громовержцы\", являющиеся частью Пятой фазы Киновселенной Марвел, объединят миры \"Человека-муравья и Осы\", \"Сокола и Зимнего Солдата\", \"Черной Вдовы\" и предстоящей части \"Капитана Америки 4: Новый мировой порядок\". Режиссер \"Бумажных городов\" Джейк Шрейер займется постановкой, а создатель ставшего хитом сериала \"Грызня\" Ли Сон Чжин пишет сценарий, опираясь на черновик Эрика Пирсона (\"Черная Вдова\"). Студия Marvel известна тем, что часто переписывает сценарии своих фильмов в процессе производства, что в ситуации проходящей забастовки особенно затрудняет работу.В актерский состав \"Громовержцев\" входят Себастиан Стэн, Флоренс Пью, Уайатт Расселл, Ольга Куриленко, Дэвид Харбор, Ханна Джон-Кэймен и Джулия Луис-Дрейфус, которые повторят своих персонажей Марвел. Среди новичков в нераскрытых ролях - Айо Эдебири и Стивен Ян. На момент написания заметки датой выхода фильма в прокат является 26 июля 2024 года.\r<br><br>Какие еще кинокомиксы Марвел пострадали от забастовки сценаристов?\r<br><br>Входящий в Пятую фазу Киновселенной Марвел боевик \"Блэйд\" также недавно отложил производство в связи с забастовкой Гильдии сценаристов Америки, которая началась 2 мая 2023 года и привела к закрытию многочисленных производств в индустрии развлечений.','https://www.kinonews.ru/insimgs/2023/newsimg/big/newsimg116393.webp',NULL,NULL,NULL,'PUBLISHED',0,'2023-05-26 08:59:37','2023-05-26 08:59:37',NULL,1),(38,1,'Фильму \"Русалочка\" прогнозируют внушительный старт',NULL,'Фильм студии Дисней \"Русалочка\", вызвавший множество споров задолго до премьеры из-за расово разнооб','Фильм студии Дисней \"Русалочка\", вызвавший множество споров задолго до премьеры из-за расово разнообразного кастинга и изменения некоторых ключевых элементов анимационного шедевра, весьма уверенно стартует в домашнем прокате. Об этом свидетельствуют ранние прогнозы.Ожидается, что \"Русалочка\" заработает не менее 100 миллионов долларов в Северной Америке за традиционный уик-энд и около 125 миллионов за длинные выходные, связанные с национальным праздником.Исходя из этих оценок, это будет четвертый кинопроект (и третий от студии Дисней) в этом году, который преодолеет дебютную отметку в 100 миллионов долларов, после мультфильма \"Братья Супер Марио в кино\" (146 миллионов долларов) и экранизаций комиксов Марвел \"Стражи Галактики. Часть 3\" (118 миллионов долларов) и \"Человек-муравей и Оса: Квантомания\" (106 миллионов долларов).Режиссер Роб Маршалл снял “Русалочку”, которая, похоже, станет одним из самых успешных игровых фильмов, основанных на анимационной классике. Ранее Дисней представлял зрителям такие блокбастеры, как \"Король лев\", \"Красавица и чудовище\" и \"Аладдин\", каждый из которых собрал по всему миру более миллиарда долларов, а также менее популярные в коммерческом плане \"Мулан\" и \"Дамбо\".\r<br><br>Когда фильм \"Русалочка\" выйдет в России?\r<br><br>В мировом прокате картина стартует 26 мая 2023 года. Вероятнее всего, уже к началу июня она окажется и на российских экранах. Вся информация о фильме \"Русалочка\" доступна на его странице в каталоге издания \"Новости кино\" https://www.kinonews.ru/movie_278356/the-little-mermaid.','https://www.kinonews.ru/insimgs/2023/newsimg/big/newsimg116394.webp',NULL,NULL,NULL,'PUBLISHED',0,'2023-05-26 08:59:37','2023-05-26 08:59:37',NULL,1),(39,1,'Джеймс Кэмерон начал писать сценарий к новому \"Терминатору\"',NULL,'Знаменитая франшиза \"Терминатор\", не сумевшая возродиться в 2019 году с помощью фильма \"Терминатор: ','Знаменитая франшиза \"Терминатор\", не сумевшая возродиться в 2019 году с помощью фильма \"Терминатор: Темные судьбы\", возможно, попытается сделать это снова. По сообщениям поклонников таланта Джеймса Кэмерона, посетивших выставку Dell Tech World, режиссер начал писать сценарий для новой части.\r<br><br>Участник мероприятия, на котором выступал Джеймс Кэмерон Род Меркадо разместил в социальных сетях комментарий следующего содержания: \"Итак, Джеймс Кэмерон только что рассказал поклонникам Dell Tech World, что он начал писать сценарий нового фильма о Терминаторе три месяца назад, но хочет посмотреть, как будет развиваться ИИ, прежде чем идти дальше\".Информацию стоит воспринимать как слух, поскольку никаких официальных обновлений с момента выхода \"Терминатор: Темные судьбы\" не было. К тому же, учитывая забастовку сценаристов и занятость Джемса Кэмерона работой над \"Аватаром 3\", не стоит рассчитывать на серьезные обновления, касающиеся проекта в ближайшем будущем.\r<br><br>Искусственный интеллект всегда был ключевым компонентом франшизы, начиная с оригинального \"Терминатора\" 1984 года. Принимая во внимание тот факт, что фильмы серии всегда предлагали преувеличенную версию технологических угроз, неясно, ждет ли Джеймс Кэмерон какого-то прорыва от ИИ, или хочет убедиться, что не берется за какие-либо концепции, которые можно легко опровергнуть или развенчать.\r<br><br>Что говорит Арнольд Шварценеггер о франшизе \"Терминатор\"?\r<br><br>Звезда франшизы Арнольд Шварценеггер недавно подтвердил, что его время в знаменитой серии подошло к концу.\"С франшизой еще не покончено. Покончено со мной. Мне громко и ясно дали понять, что мир хочет перейти к другой теме, когда речь заходит о \"Терминаторе\". Кому-то должна прийти в голову отличная идея. \"Терминатор\" был в значительной степени ответственен за мой успех, поэтому я всегда смотрел на него с большой нежностью. Первые три фильма были великолепны. В четвертом фильме меня не было, потому что я был губернатором. В пятом и шестом были проблемы со сделкой, насколько мне известно. Мы знали об этом заранее, потому что они были просто плохо написаны\".','https://www.kinonews.ru/insimgs/2023/newsimg/big/newsimg116388.webp',NULL,NULL,NULL,'PUBLISHED',0,'2023-05-26 08:59:38','2023-05-26 08:59:38',NULL,1),(40,1,'\"Форсаж\" вошел в пятерку самых успешных франшиз в истории',NULL,'Франшиза студии Universal \"Форсаж\" достигла нового рубежа, собрав в мировом прокате в общей сложност','Франшиза студии Universal \"Форсаж\" достигла нового рубежа, собрав в мировом прокате в общей сложности более семи миллиардов долларов.В настоящее время серия боевиков \"Форсаж\" вошла в пятерку самых успешных всех времен, и сравнялась с \"Волшебным миром Гарри Поттера\" Warner Bros. по количеству фильмов, заработавших аналогичную сумму и также ранее попавших в Топ-5. На протяжении всей долгой истории семейной саги Доминика Торетто, которая началась в 2001 году, в основном наблюдался устойчивый рост, особенно с 2009 года и вплоть до эпохи пандемии коронавируса.Сборы всех эпизодов, включая спин-офф, посвященный Хоббсу и Шоу, составили 1,946 миллиарда долларов в Северной Америке и 5,083 миллиарда долларов за рубежом.Ко всему прочему Universal преодолела отметку в один миллиард долларов в прокате на внутреннем рынке. И это был лучший результат для студии в Северной Америке, по крайней мере, за последние 10 лет. Более того, Universal стала первой из голливудских мейджоров, достигшей этого рубежа в домашнем прокате в 2023 году.По оценкам экспертов, в ближайшее время до выхода других летних блокбастеров она будет занимать 32 процента американского рынка - небывалое для нее достижение.\r<br><br>Сколько заработал \"Форсаж 10\"?\r<br><br>На момент публикации данной заметки сборы десятого эпизода достигли 350 миллионов долларов. Для окупаемости проекту необходимо было собрать не менее 800 миллионов.','https://www.kinonews.ru/insimgs/2023/newsimg/big/newsimg116391.webp',NULL,NULL,NULL,'PUBLISHED',0,'2023-05-26 08:59:38','2023-05-26 08:59:38',NULL,1),(41,1,'Квентин Тарантино назвал Леонардо ДиКаприо старым для нового фильма',NULL,'Легендарный голливудский режиссер Квентин Тарантино уточнил детали сюжета фильма с рабочим названием','Легендарный голливудский режиссер Квентин Тарантино уточнил детали сюжета фильма с рабочим названием \"Кинокритик\". который, как считается, будет его последним полнометражным проектом.Квентин Тарантино заявил, что речь пойдет о вполне реальной личности, хотя зрители, скорее всего, ее не узнают, а также выразил мнение, что, несмотря на его успешное сотрудничество с такими актерами, как Брэд Питт и Леонардо ДиКаприо, они оба слишком стары, чтобы сниматься в его следующем фильме.Действие будет происходить в Калифорнии в 1977 году, а в центре сюжета окажется \"парень, который действительно жил в это время, но никогда не был по-настоящему знаменит, и в прошлом он писал рецензии на фильмы для порно-изданий\". \"Он писал о вполне мейнстримных фильмах и был малоизвестным критиком. Но я думаю, он был очень хорошим критиком. Он был чертовски циничен. Его рецензии были чем-то средним между ранним творчеством Говарда Стерна и тем, что мог бы написать Трэвис Бикл (из фильма \"Таксист\"), если бы он был кинокритиком. Представьте себе дневники Трэвиса. Но критик был очень, очень забавным. Он был груб, знаете ли. Он ругался. Он использовал оскорбления на расовые темы. Но его дерьмо было действительно забавным. Ой, он был чертовски груб\", - рассказал Квентин Тарантино.\r<br><br>Как Квентин Тарантино узнал про героя своего последнего фильма?\r<br><br>Режиссер вспомнил, что он открыл для себя этого критика, когда был подростком, наткнувшись на его работы, когда работал поставщиком торговых автоматов, распространявших порнографические журналы. Он вспоминал: \"Все остальное было слишком убого, чтобы читать, но потом появилась порножурнал, в котором была действительно интересный раздел о фильмах\".','https://www.kinonews.ru/insimgs/2023/newsimg/big/newsimg116390.webp',NULL,NULL,NULL,'PUBLISHED',0,'2023-05-26 08:59:39','2023-05-26 08:59:39',NULL,1),(42,1,'Шоураннер сериала \"Ведьмак\" пообещала эпического злодея в третьем сезоне',NULL,'\"Ведьмак\" возвращается с третьим сезоном на Нетфликс 29 июня 2023 года, и шоураннер Лорен Шмидт наме','\"Ведьмак\" возвращается с третьим сезоном на Нетфликс 29 июня 2023 года, и шоураннер Лорен Шмидт намекнула на появление в нем эпического злодея. \"Во многих отношениях третий сезон - это кульминация того, к чему мы стремились все это время. Мы видим, как меняется все на Континенте, и это невероятно захватывающе\".\r<br><br>\"Угроза войны существовала так долго\", - добавил исполнитель роли барда Лютика Джои Бэти. - Наконец-то мы такие: \"О, боже. Она уже здесь\". Эпичность, ставки на Континент на в макроуровне огромны. Но микро-ставки еще больше\".Третий сезон \"Ведьмака\" является ключевым для Нетфликс: в нем звезда шоу Генри Кавилл сыграет ведьмака Геральта из Ривии в последний раз прежде чем уступить роль Лиаму Хемсворту. Кроме того, новый сезон \"Ведьмака\" выходит в то время, когда Нетфликс расширил сериал до целой вселенной, включив два приквела \"Ведьмака\": анимационный фильм \"Ведьмак: Кошмар волка\" о наставнике Геральта Весемире и мини-сериал \"Ведьмак: Происхождение\", рассказывающий о создании Ордена Ведьмаков. В последнем проекте даже был введен элемент путешествия во времени с участием барда Лютика, что, казалось, предполагало более значительную судьбу для друга и компаньона Геральта.\r<br><br>Что говорит шоураннер сериала \"Ведьмак\" о злодее в третьем сезоне?Не секрет, что фанаты высказывали недовольство по поводу отсутствия в первых двух сезонах четкого злодея и конфликта. По словам Лорен Шмидт, в третьем сезоне ситуация изменится: \"Наш злодей вел очень долгую игру. Десятилетия\". Далее она подчеркнула, что сериал \"Ведьмак\" с самого начала строился на раскрытии этого злого персонажа - и главные герои начинают собирать это воедино: \"Что мне тоже нравится, так это то, что Геральт и Йен раскрывают тайну того, кто их главный злодей\". Шоураннер даже пошутила, что некоторые несгибаемые фанаты, которые критиковали сериал Нетфликс, могут в конечном итоге съесть ворона, поскольку моменты, когда фанаты подвергали сомнению \"несвойственные персонажу\" изображения ключевых героев, будут раскрыты как часть планов этого злодея.','https://www.kinonews.ru/insimgs/2023/newsimg/big/newsimg116351.webp',NULL,NULL,NULL,'PUBLISHED',0,'2023-05-26 08:59:39','2023-05-26 08:59:39',NULL,1),(43,1,'Такеши Китано прокомментировал скандал с сексуальным насилием',NULL,'Такеши Китано, возможно, самый узнаваемый актер, сценарист и продюсер Японии, впервые высказался по ','Такеши Китано, возможно, самый узнаваемый актер, сценарист и продюсер Японии, впервые высказался по поводу скандала с сексуальным насилием, который потряс медиа-ландшафт страны весной 2023 года.\"В Японии наконец-то пришло время открыто говорить о проблемах ЛГБТК-сообщества и сексуальных домогательствах. Но эти истории всегда были в ходу в нашей отрасли”, - сказал 76-летний артист, который привез на каннский кинофестиваль свой новый фильм.Напомним, что с марта в индустрии развлечений Японии разгорается скандал. На протяжении десятилетий слухи о безудержном сексуальном насилии циркулировали вокруг Джонни Китагавы, основателя \"Johnny & Associates\", ведущего японского агентства по подбору талантов. Но только после того, как британская BBC выпустила в эфир подробный документальный фильм-расследование \"Хищник: тайный скандал\", - японские СМИ начали осторожно освещать эту тему.“Начиная с послевоенного периода, в Японии появились действительно крупные агентства по подбору талантов. И вместо того, чтобы заключать честные контракты, эти они обращались с артистами, как с рабами, и это продолжается до сегодняшнего дня”, - добавил Такеши Китано. - Лишь недавно эти старые институциональные практики и другие инциденты из прошлого всплыли на поверхность\".В последние недели несколько известных японских артистов мужского пола выступили с обвинениями в том, что они подверглись сексуальному насилию со стороны Китагавы, когда были мальчиками, и нынешнее руководство компании принесло извинения.\r<br><br>Лучшие фильмы Такеши Китано\r<br><br>Актер снимался в таких картинах, как \"Полный беспредел\" (2012), \"Затойчи\" (2003), \"Сонатина\" (1993) и многих других.','https://www.kinonews.ru/insimgs/2023/newsimg/big/newsimg116362.webp',NULL,NULL,NULL,'PUBLISHED',0,'2023-05-26 08:59:40','2023-05-26 08:59:40',NULL,1),(44,1,'Психологи спасли звезд сериала \"Властелин колец\" от расизма',NULL,'Звезда сеариала \"Властелин колец: Кольца Власти\" Исмаэль Круз рассказал о психическом здоровье актер','Звезда сеариала \"Властелин колец: Кольца Власти\" Исмаэль Круз рассказал о психическом здоровье актеров и съемочной группы во время съемок фэнтезийного шоу Amazon Prime. По словам исполнителя роли лесного эльфа Арондира, на площадке присутствовал психотерапевт, нанятый продюсерами, чтобы оказывать помощь после расистской реакции на инклюзивный и разнообразный кастинг сериала. \"Вам нужна поддержка, когда это происходит, потому что голоса такие громкие и доносятся до вас из стольких мест, - сказал Исмаэль Круз.\r<br><br>Актер, который в настоящее время снимается во втором сезоне шоу в Великобритании, подчеркнул, что само по себе присутствие психотерапевта было полезным. \"Мне нравилось видеть ее там, даже если мы не разговаривали. Я знал, что там был кто-то, кто видел меня полностью. А не только как актера\".\r<br><br>Терапевт был привлечен к работе, когда производство возобновило съемки после паузы во время пандемии. Персонаж Исмаэля Круза Арондир - первый цветной эльф во вселенной \"Властелина колец\". \"Это было больно, - признался актер, говоря о негативной реакции. - Это оказало психологическое воздействие на мое психическое здоровье. Это то, к чему я отношусь очень, очень открыто, чтобы люди понимали: то, что они делают и говорят онлайн, действительно причиняет боль, действительно оказывает влияние на нас\".Исмаэль Круз вспомнил о травле, которой подвергся не только в социальных сетях. \"Мой телефон взломали. Пытались взломать банковский счет. Мой PayPal был взломан. Мои друзья получали сообщения. Мне угрожали смертью. Мне прислали кое-что по почте. Люди узнали мой адрес. Всего такого было очень много, - посетовал актер, добавив потом с улыбкой, - но мы все еще здесь\".\r<br><br>Что говорит о своей будущей карьере Исмаэль Круз?\r<br><br>По словам актера, после сериала \"Властелин колец: Кольца Власти\" он, возможно, присоединится к Киновселенной Марвел. Продюсеры студии уже обращались к нему по поводу различных проектов: \"У меня очень хорошие отношения с кастинг-директорами Marvel\". Он сказал, что претендовал на роль Адама Уорлока в \"Стражах Галактики. Часть 3\", но роль досталась Уиллу Поултеру: \"Я действительно хотел сыграть этого персонажа, но Уилл Поултер выглядит потрясающе в этой роли, так что я не злюсь. Но это было нелегко, потому что мне нравится вся эта сюжетная линия\".','https://www.kinonews.ru/insimgs/2023/newsimg/big/newsimg116361.webp',NULL,NULL,NULL,'PUBLISHED',0,'2023-05-26 08:59:40','2023-05-26 08:59:40',NULL,1),(45,1,'Стриминг Max пообещал сценаристам и режиссерам исправиться',NULL,'Руководство стриминга Max, ранее объединившее в своем каталоге фильмов и сериалов режиссеров и сцена','Руководство стриминга Max, ранее объединившее в своем каталоге фильмов и сериалов режиссеров и сценаристов под единым заголовком “создатели”, заявило о том, что прислушалось к негативной реакции сообщества кинематографистов и исправит этот \"технический недосмотр\".“Мы согласны с тем, что таланты, стоящие за созданием контента на Max, заслуживают того, чтобы их работа была должным образом признана. Мы исправим титры, которые были изменены из-за недосмотра при переходе с HBO Max на Max, и приносим извинения за эту ошибку”, - говорится в заявлении по этому поводу.Решение Max объединить сценаристов, режиссеров и других представителей и творческих профессий в единый список “создатели” вызвало гнев кинематографистов на фоне продолжающейся забастовки Гильдии сценаристов Америки. Напомнм, что профсоюз стремится заключить новый контракт с крупными студиями через Альянс продюсеров кино и телевидения.“Абсолютный мастер-класс о том, как испортить стриминговый сервис. Это будет изучаться годами”, - прокомментировал шоураннер сериала \"Сорвиголова\" Стивен С. ДеНайт.В совместном заявлении президенты Гильдии режиссеров и сценаристов Америки раскритиковали “одностороннее решение Warner Bros.\"','https://www.kinonews.ru/insimgs/2023/newsimg/big/newsimg116354.webp',NULL,NULL,NULL,'PUBLISHED',0,'2023-05-26 08:59:40','2023-05-26 08:59:40',NULL,1),(46,1,'\"Человек-паук: Паутина вселенных\". Появились первые отзывы',NULL,'Кинокритики и журналисты, первыми посмотревшие анимационный фильм \"Человек-паук: Паутина вселенных\",','Кинокритики и журналисты, первыми посмотревшие анимационный фильм \"Человек-паук: Паутина вселенных\", назвали его \"настоящим произведением искусства\", в то же время отметив, что он \"мрачнее и печальнее\", чем ожидалось.\r<br><br>\"ОК. \"Человек-паук: Паутина вселенных\" находится на ступеньку выше шедевра. Это настоящее произведение искусства. Каждая его рамка заслуживает того, чтобы ее повесили в музее. Шутки и отсылки к знаниям о пауках идеальны. Это ПОТРЯСАЮЩЕ. Лучший фильм о Человеке-пауке. Возможно, это мой самый любимый фильм на свете. Дорожу им\". (Шон О`Коннелл из CinemaBlend)\"\"Человек-паук: Паутина вселенных\" - еще одна громкая победа вселенной, созданной Лордом и Миллером. Хейли Стайнфелд действительно становится самой собой в роли Гвен Стейси, и ее сцены с капитаном Джорджем Стейси Ши Уигхэма действительно особенные. Он темнее и печальнее, чем я ожидал, но так было надо\". (Брайан Дэвидс из THR)\"Здесь есть шокирующие повороты, неожиданные сюрпризы и история, которая действительно имеет смысл для сумасшедшего мира Мультивселенной, в который мы все окунулись с головой. Все новые пауки потрясающие! Пересекая вселенную Паука, никогда не ощущаешь ее протяженности\". (Тесса Смит из Rotten Tomatoes)\"Как бы мне ни хотелось полюбить \"Человека-паука: Паутина вселенных\", для меня он и близко не подходит к оригиналу, главным образом из-за того, что он хочет угодить фанатам больше, чем рассказать сильную историю. Он действительно похож на первую часть двухсерийного фильма, и по мере ее окончания все становится предсказуемым\". (Эз из This Week Media)\r<br><br>О чем анимационный фильм \"Человек-паук: Паутина вселенных\"?\r<br><br>Сиквел успешного приключенческого мультфильма 2018 года \"Человек-паук: Через вселенные\" описывает события более чем через год после того, что произошло в первом фильме. К Майлзу Моралесу/Человеку-пауку (Шамеик Мур) обращается Гвен Стейси/ Женщина-паук (Хейли Стайнфелд) с просьбой помочь ей завершить миссию, которая спасет каждую вселенную от суперзлодея Пятна (Джейсон Шварцман). Вместе Майлз и Гвен путешествуют по Мультивселенной, где они сталкиваются с Обществом Пауков, возглавляемым Мигелем О`Харой (Оскар Айзек). Премьера мультфильма состоится 1 июня 2023 года.Трейлер мультфильма можно посмотреть по этой ссылке https://www.kinonews.ru/movie_281522/spider-man-into-the-spider-verse-2.','https://www.kinonews.ru/insimgs/2023/newsimg/big/newsimg116359.webp',NULL,NULL,NULL,'PUBLISHED',0,'2023-05-26 08:59:41','2023-05-26 08:59:41',NULL,1),(47,1,'Звезда \"Алиты\" Роза Салазар сыграет в фильме \"Капитан Америка 4\"',NULL,'В команде суперзлодеев Змеиное Сообщество из фильма \"Капитан Америка 4: Новый мировой порядок\" произ','В команде суперзлодеев Змеиное Сообщество из фильма \"Капитан Америка 4: Новый мировой порядок\" произошло значительное пополнение. К ней присоединилась звезда фантастической ленты \"Алита: Боевой ангел\" Роза Салазар.По неподтвержденной пока официально информации, актрисе досталась роль Алмаза. Вероятнее всего, значение этого персонажа для всей сюжетной линии будет достаточно велико, так как, согласно мифологии комиксов, Алмаз становится возлюбленной нового Капитана Америки и в итоге переходит на сторону героев.\r<br><br>Каким способностями обладает Алмаз?\r<br><br>У девушки нет никаких сверхъестественных способностей, кроме природной ловкости и быстроты реакции. Свое прозвище в Змеином Сообществе она получили за то, что ее оружием были блестящие контейнеры, содержащие взрывчатые вещества или кислоты, которыми она бросала в своих противников.Ранее стало известно, что Змеиное Сообщество будет не единственным врагом Капитана Америки. Студия Марвел также сообщила, что Тим Блейк Нельсон вернется в MCU в качестве заклятого врага Брюса Баннера по прозвищу Лидер который появлялся последний раз на экране в 2008 году в фильме \"Невероятный Халк\".\r<br><br>Когда выйдет фильм \"Капитан Америка 4: Новый мировой порядок\" ?\r<br><br>Студия Марвел запанировала релиза на 3 мая 2024 года. Главную роль играет Энтони Маки.','https://www.kinonews.ru/insimgs/2023/newsimg/big/newsimg116360.webp',NULL,NULL,NULL,'PUBLISHED',0,'2023-05-26 08:59:41','2023-05-26 08:59:41',NULL,1),(48,1,'Звезда \"Барби\" Марго Робби высказалась о сексуальности Барби',NULL,'Звезда \"Барби\" Марго Робби уверена, что ее образ куклы в предстоящем фильме основан на веселье. Комм','Звезда \"Барби\" Марго Робби уверена, что ее образ куклы в предстоящем фильме основан на веселье. Комментируя опасения, связанные с \"сексуализацией\" и \"объективацией\" персонажа в фильме, актриса заметила, что все милые наряды предназначены скорее для собственного удовольствия Барби, чем для стороннего взгляда.\r<br><br>\"Я такая: \"Ладно, она кукла. Она пластиковая кукла. У нее нет органов. Если у нее нет органов, то у нее нет и репродуктивных органов. Если у нее нет репродуктивных органов, будет ли она вообще испытывать сексуальное влечение?\" Нет, я не думаю, что она смогла бы, - объяснила ход своих мыслей актриса. - Она сексуализирована. Но она не должна быть сексуальной. Люди могут проецировать на нее секс... Да, она может надеть короткую юбку, но только потому, что она веселая и розовая. Не потому, что она хотела, чтобы вы увидели ее задницу\".\r<br><br>Что думает Марго Робби о влиянии Барби на молодое поколение и о влиянии на него самого фильма \"Барби\"?\r<br><br>\"Я думаю, что это отличная возможность привнести немного позитива в мир и шанс стать примером для детей младшего возраста, - говорила актриса еще в 2019 году. - Игра с Барби развивает уверенность, любознательность и коммуникабельность на протяжении всего пути ребенка к самопознанию. За почти 60 лет существования бренда Барби дала детям возможность представить себя в самых разных ролях - от принцессы до президента. Для меня большая честь взять на себя эту роль и продюсировать фильм, который, я верю, окажет огромное положительное влияние на детей и аудиторию по всему миру\". Премьера \"Барби\" состоится 19 июля 2023 года.','https://www.kinonews.ru/insimgs/2023/newsimg/big/newsimg116353.webp',NULL,NULL,NULL,'PUBLISHED',0,'2023-05-26 08:59:42','2023-05-26 08:59:42',NULL,1),(49,1,'Скончалась американская певица и актриса Тина Тернер',NULL,'В Швейцарии на 84-м году жизни скончалась Тина Тернер, знаменитая американская рок-звезда, композито','В Швейцарии на 84-м году жизни скончалась Тина Тернер, знаменитая американская рок-звезда, композитор и актриса, установившая целый ряд рекордов по продажам билетов на свои шоу, чей драматический триумф над домашним насилием и самой музыкальной индустрией сделал ее иконой развлекательной индустрии.Как сообщили официальные представители, Тина Тернер скончалась “после продолжительной болезни” в своем доме в Куснахте недалеко от Цюриха, Швейцария. \"С ней мир теряет не только музыкальную легенду, но и образец для подражания”, - говорится в заявлении по этому поводу.\r<br><br>Чем известна Тина Тернер?\r<br><br>За свою долгую карьеру Тина Тернер продала более 200 миллионов альбомов по всему миру и получила девять премий \"Грэмми\". Слава пришла к певице еще в 60-х годах прошлого века, когда она стала центральной фигурой The Ike & Tina Turner Revue, блюзовой группы из Сент-Луиса, ставшей в дальнейшем популярной рок-группой.В 1976 году Тина Тернер развелась. Она подробно описала отношения с мужем, исполненные насилия, в бестселлере 1986 года “Я, Тина”, который послужил основой для биографического фильма 1993 года \"На что способна любовь\".Тина Тернер снималась в таких фильмах, как \"Томми\", \"Безумный Макс 3: Под куполом грома\", \"Последний киногерой\" и других.','https://www.kinonews.ru/insimgs/2023/newsimg/big/newsimg116348.webp',NULL,NULL,NULL,'PUBLISHED',0,'2023-05-26 08:59:42','2023-05-26 08:59:42',NULL,1),(50,1,'Сценаристы и режиссеры возмутились стримингом Max',NULL,'Известные голливудские сценаристы, режиссеры и иные люди творческих профессий подвергли резкой крити','Известные голливудские сценаристы, режиссеры и иные люди творческих профессий подвергли резкой критике обновленный стриминг компании Warner Bros., который получил название Max.Возмущение кинематографистов вызвало оформление страниц фильмов в каталоге площадки. Выяснилось, что стриминг Max объединил и сценаристов, и режиссеров в группу \"создатели\" не уточняя конкретный статус и вклад, каждого из них.Так, автор сценария, продюсер и постановщик популярного телевизионного сериала \"Сорвиголова\" Стивен С. ДеНайт назвал подобную практику \"идеальным мастер-классом по тому, как испортить потоковый сервис\", и отметил, что этот решение руководства Max \"будет \"изучаться годами\" в ведущих киношколах.Шоураннер шоу \"Покерфейс\" Нора Цукерман потребовала руководства профсоюзов и Гильдию продюсеров Америки обратить на это внимание и поинтересовалась, как, по мнению Max, различные гильдии \"хотя бы примерно одобрят\" это странное изменение. Сценарист Хорхе Ривера не согласился с тем, что его называют просто “создателем”, и назвал это “еще одним шагом студии \"по умалению роли сценаристов, режиссеров, актеров и других кинематографистов”. Указанная проблема касается как фильмов, так и телесериалов.\r<br><br>Что такое стриминг Max?\r<br><br>Он представляет собой объединенную цифровую площадку, включающую каталоги крайне неудачно стартовавшего несколько лет назад потокового сервиса HBO Max и Discovery. Эксперты с Уолл-стрит выражали свое недоумение из-за отсутствия в названии столь узнаваемого брэнда, как HBO,','https://www.kinonews.ru/insimgs/2023/newsimg/big/newsimg116335.webp',NULL,NULL,NULL,'PUBLISHED',0,'2023-05-26 08:59:43','2023-05-26 08:59:43',NULL,1),(51,1,'Кристен Стюарт сыграет в трагикомедии о проблемной семье',NULL,'Кристен Стюарт (\"Спенсер\"), Джош О`Коннор (\"Корона\") и Элли Фаннинг (\"Великая\") возглавят актерский ','Кристен Стюарт (\"Спенсер\"), Джош О`Коннор (\"Корона\") и Элли Фаннинг (\"Великая\") возглавят актерский состав фильма \"Rosebushpruning\", следующего полнометражного проекта  Карима Айнуза, чья историческая драма \"Подстрекательница\" с Джудом Лоу и Алисией Викандер дебютировала на Каннском кинофестивале на прошлой неделе. Продюсерами фильма выступают The Match Factory и MUBI.Сценарий к предстоящему фильму подготовил Эфтимис Филиппоу (\"Убийство священного оленя\"), взяв за основу дебютный фильм Марко Беллоккьо \"Кулаки в кармане\" 1965 года - мрачную сатиру на семейные и социальные ценности, которая сейчас считается знаковым произведением итальянского кинематографа. Права на адаптацию были приобретены у Kavac Film.Производство \"Rosebushpruning\" планируется начать весной 2024 года.\r<br><br>О чем оригинальный фильм \"Кулаки в кармане\"?\r<br><br>В оригинальном фильме \"Кулаки в кармане\" молодой человек, страдающий эпилепсией (Лу Кастель), замышляет убийство членов своей неблагополучной семьи. Фильм вызвал споры на фестивале в Локарно, где состоялась его премьера, и был осужден несколькими крупными деятелями кинематографа, но был тепло принят молодыми критиками и зрителями, став настоящим хитом. В 2008 году Министерство культуры Италии включило его в свой список 100 фильмов, подлежащих сохранению - коллекцию фильмов, которые \"изменили коллективную память страны в период с 1942 по 1978 год\".','https://www.kinonews.ru/insimgs/2023/newsimg/big/newsimg116334.webp',NULL,NULL,NULL,'PUBLISHED',0,'2023-05-26 08:59:44','2023-05-26 08:59:44',NULL,1),(52,1,'Николас Кейдж сыграл Супермена в фильме \"Флэш\"',NULL,'Режиссер фильма \"Флэш\" Андрес Мускетти исполнил давнюю мечту популярного голливудского актера Никола','Режиссер фильма \"Флэш\" Андрес Мускетти исполнил давнюю мечту популярного голливудского актера Николаса Кейджа, которые еще несколько десятков лет назад стремился сыграть Супермена. По признанию самого постановщика, Человек из стали в исполнении Николаса Кейджа появится в его картине.\"Ник был просто замечательным. Хотя роль у него эпизодическая, но он с головой окунулся в нее\", - рассказал постановщик в интервью Esquire Middle East. По словам Андреса Мускетти, он нанял Кейджа на роль Супермена, поскольку тот большой поклонник героя, и даже назвал своего сына Кал-Элом, что является очевидной отсылкой к имени Супермена, которое он получил при рождении на его родной планете Криптон.\"Я всю свою жизнь мечтал поработать с ним. И надеюсь, что скоро смогу продолжить наше сотрудничество, - добавил режиссер. - Он просто невероятный фанат Супермена. Фанатик комиксов\".\r<br><br>Представлен финальный трейлер фильма \"Флэш\"\r<br><br>24 мая студия Warner Bros. выпустила последний рекламный ролик экранизации комиксов, в котором оказались представлены основные действующие лица, в том числе сразу два Бэтмена, Альфред Барри Аллен в различных вариациях и так далее. Оценить этот трейлер фильма \"Флэш\" можно, перейдя по этой ссылке https://www.kinonews.ru/movie_178775/the-flash.\r<br><br>В каком фильме Николас Кейдж хотел сыграть Супермена?\r<br><br>Николас Кейдж готовился к роли в картине под названием \"Superman Lives\", которую планировал снимать Тим Бертон. По словам актера, это было видение, которое затмило бы другие экранные появления Супермена. Но проект так и не был запущен в производство.','https://www.kinonews.ru/insimgs/2023/newsimg/big/newsimg116333.webp',NULL,NULL,NULL,'PUBLISHED',0,'2023-05-26 08:59:44','2023-05-26 08:59:44',NULL,1),(53,1,'Генри Кавилл рассказал о третьем сезоне сериала \"Ведьмак\"',NULL,'Генри Кавилл, который вернется в роли Геральта из Ривии в третьем сезоне сериала \"Ведьмак\", прежде ч','Генри Кавилл, который вернется в роли Геральта из Ривии в третьем сезоне сериала \"Ведьмак\", прежде чем уступить роль охотника на монстров Лиаму Хемсворту, рассказал, чего поклонникам шоу и его персонажу ждать от предстоящего сезона.\r<br><br>\"Теперь существует реальная угроза, - сказал Генри Кавилл о Цири (Фрейя Аллан), которая находится в опасности. В конце второго стало известно, что настоящий отец Цири - Эмгыр вар Эмрейс - Белое Пламя, и теперь весь Континент ищет ее. - Это происходит на самом деле, это больше не теория. И это очень, очень опасно. Куда бы они ни пошли, они попадают в логово льва\".Что касается политики Континента, актер считает, что позиция Геральта не изменится, несмотря на опасность. \"Геральт был очень беспечен по отношению к этим угрозам войны, голода и конца времен. Он как бы говорит: \"Я был там, делал это. Это еще не конец света. Это просто будет еще один бой\", - объяснил Генри Кавилл позицию своего персонажа, которого не пугает, что в предстоящем сезоне эльфы будут сражаться за свою свободу, а маги вцепятся друг другу в глотки.Но когда дело доходит до Цири и серьезной опасности, в которой она находится, ставки для Геральта становятся выше, \"потому что все охотятся за Цири. Это полностью меняет его взгляд на вещи\", - говорит Генри Кавилл. Однако, по его словам, Геральт будет придерживаться нейтралитета: \"Геральт видел, как работает политика. Многое из этого невероятно эгоистично. Независимо от того, на чьей ты стороне, ты делаешь это исключительно ради себя. Он такой: \"Зачем мне выбирать чью-то сторону, когда произойдет то же самое?\".\"Генри Кавилл затронул и тему отцовства, так как считает, что именно эти чувства испытывает Геральт к Цири, и уверен, что отцовство подходит Ведьмаку: \"Довольно приятно видеть, что под этой циничной, язвительной, замкнутой натурой на самом деле скрывается очень любящая сердцевина\".\r<br><br>Когда состоится премьера третьего сезона сериала \"Ведьмак\"?\r<br><br>\"Ведьмак\" вернется на Нетфликс 29 июня 2023 года с пятью новыми эпизодами. Сезон будет разделен на две части - вторая, состоящая из трех эпизодов часть, выйдет 27 июля 2023 года.','https://www.kinonews.ru/insimgs/2023/newsimg/big/newsimg116331.webp',NULL,NULL,NULL,'PUBLISHED',0,'2023-05-26 08:59:45','2023-05-26 08:59:45',NULL,1),(54,1,'Нетфликс ввел платную передачу паролей от аккаунтов',NULL,'Стриминг Нетфликс (Netflix) наконец начал давно анонсированную борьбу с передачей паролей от аккаунт','Стриминг Нетфликс (Netflix) наконец начал давно анонсированную борьбу с передачей паролей от аккаунтов третьим лицам, сделав такую возможность исключительно платной.Теперь, если абоненты захотят поделиться своим паролем Netflix с кем-то, кто не живет с ними по одному адресу, они должны будут заплатить дополнительно 7,99 долларов в месяц. Пока эта программа будет распространяться лишь на жителей Северной Америки с перспективой расширения ее на весь мир.“Ваша учетная запись предназначена для вас и людей, с которыми вы живете в вашем доме. Чтобы поделиться доступом к контенту Netflix с кем-то за пределами вашей семьи, вы можете перенести профиль на новую подписку, за которую платит кто-то другой, или вы можете купить право добавить нового участника за 7,99 долларов в месяц в дополнение к стоимости основной подписки\", - говорится в официальном письме Нетфликс, которое стали получать абоненты в США.В рамках борьбы Netflix с тем, чтобы клиенты делились паролями с посторонними лицами, компания заявила, что начнет блокировать неизвестные ей устройства (по истечении определенного периода времени), которые пытаются получить доступ к учетной записи стриминга без надлежащей оплаты.Отмечается, что Нетфликс не позволит клиентам своего тарифного плана с поддержкой рекламы добавлять дополнительного участника.\r<br><br>Нетфликс теряет абонентов\r<br><br>В отчете за 2022 год компания подтвердила, что лишилась почти миллиона абонентов и является убыточной. Тем не менее, в первой половине 2023 года Нетфликс все еще являлся крупнейшим стримингом в мире с абонентской базой более 220 миллионов.','https://www.kinonews.ru/insimgs/2023/newsimg/big/newsimg116330.webp',NULL,NULL,NULL,'PUBLISHED',0,'2023-05-26 08:59:45','2023-05-26 08:59:45',NULL,1),(55,1,'Николай Фоменко сыграет в фильме о легенде \"Спартака\" Федоре Черенкове',NULL,'В России запущен в производство полнометражный художественный фильм о легенде футбольного клуба \"Спа','В России запущен в производство полнометражный художественный фильм о легенде футбольного клуба \"Спартак\" Федоре Черенкове. Об этом сообщается в пресс-релизе, поступившем в редакцию издания \"Новости кино\". В картине с рабочим названием \"Федя - народный футболист\" уже согласились сниматься Николай Фоменко, Борис Щербаков, Игорь Петренко и другие популярные артисты. Имя актера, который исполнит роль самого Федора Черенкова, пока не разглашается. Съемки спортивной драмы планируется начать в июле и завершить осенью 2023 года.\r<br><br>Синопсис фильма о Федоре Черенкове\r<br><br>Согласно официальному описанию проекта, речь пойдет о том периоде  в жизни Федора Черенкова,  когда он \"переживает не лучший период в своей жизни\". Футболист мечтает сыграть на Чемпионате мира, но главный тренер не включает его в состав сборной. Черенков близок к тому, чтобы завершить карьеру, но ради своей семьи и болельщиков возвращается, чтобы привести свой клуб к победе.Создатели картины обещают уделить особое внимание исторической достоверности и показать на большом экране футбол, \"которй зрители не видели никогда\".\"Я сам прошел через большой спорт, и детство у меня было советское, я все прекрасно помню. Тогда все делалось на чистом энтузиазме, понятие \"деньги\" отсутствовало. Такая вера, как в Черенкова. Про это есть в сценарии. Ведь нужно было каждого игрока, каждый этот бриллиант нужно было найти, поверить в него, сделать так, чтобы он сам в себя поверил\", - прокомментировал Николай Фоменко, которому досталась роль тренера сборной СССР Константина Бескова.','https://www.kinonews.ru/insimgs/2023/newsimg/big/newsimg116328.webp',NULL,NULL,NULL,'PUBLISHED',0,'2023-05-26 08:59:46','2023-05-26 08:59:46',NULL,1),(56,1,'Реквизит из \"Звездных войн\" и \"Стражей Галактики\" уйдет с аукциона',NULL,'Платье принцессы Леи (Кэрри Фишер) из оригинальных фильмов \"Звездные войны\", молоток, с помощью кото','Платье принцессы Леи (Кэрри Фишер) из оригинальных фильмов \"Звездные войны\", молоток, с помощью которого Энди Дюфрейн (Тим Роббинс) сбежал из тюрьмы в \"Побеге из Шоушенка\", и мотоцикл Batpod, на котором разъезжал Бэтмен (Кристиан Бейл) в \"Темном рыцаре\", будут выставлены на аукционе в июне 2023 года.\r<br><br>Только платье из \"Звездных войн\" - святой грааль для коллекционеров - и Batpod, по оценкам специалистов, каждый принесут более двух миллионов долларов на аукционе, проводимом компанией Propstore, специализирующейся на кинематографических сокровищах и предметах коллекционирования.\r<br><br>Поклонникам Стражей Галактики, которые прощаются фильмом \"Стражи Галактики. Часть 3\" стоит обратить внимание на светящийся шлем Звездного Лорда (Крис Прэтт) из первой части франшизы, запущенной в 2014 году. Головной убор описывается как двухкомпонентный шлем из литой уретановой смолы с подкладкой из пенопласта и замши, который был раскрашен вручную и состарен. Согласно описанию лота, внутри шлема скрыт переключатель с питанием от батареи, который при нажатии зажигает светодиоды внутри линз и красную светодиодную лампочку с правой стороны. Ожидается, что цена лота составит от ста до двухсот тысяч долларов.\r<br><br>Какой еще памятный реквизит будет представлен на аукционе?\r<br><br>Около полутора тысяч предметов будут проданы в течение трех дней - с 28 по 30 июня - на аукционе, который пройдет в Лос-Анджелесе. Среди некоторых других предметов реквизита из культовых фильмов представлены: кукла-клоун из фильма \"Полтергейст\" 1982 года; пальто Роуз (Кейт Уинслет) из фильма \"Титаник\"; один из костюмов Харрисона Форда из фильма \"Бегущий по лезвию\"; хоккейная маска Джейсона Вурхиса из фильма \"Пятница 13 – Часть 7: Новая кровь\" и многие другие.','https://www.kinonews.ru/insimgs/2023/newsimg/big/newsimg116324.webp',NULL,NULL,NULL,'PUBLISHED',0,'2023-05-26 08:59:46','2023-05-26 08:59:46',NULL,1),(57,1,'Оператор сериала \"Игра престолов\" снимет фильм \"Веном 3\"',NULL,'Снявший знаменитый эпизод \"Битва бастардов\" в сериале \"Игра престолов\", оператор Фабиан Вагнер присо','Снявший знаменитый эпизод \"Битва бастардов\" в сериале \"Игра престолов\", оператор Фабиан Вагнер присоединился к команде фильма \"Веном 3\" Sony Pictures, съемки которого начнутся в Великобритании в июне 2023 года.\r<br><br>За \"Битву бастардов\" Фабиан Вагнер был номинирован на премию \"Эмми\" и получил премию Американского общества кинематографистов (ASC). Вторую номинацию на премию ASC он получил за работу в драматическом сериале Нетфликс \"Корона\", а вторую номинацию на премию \"Эмми\" - за мини-сериал BBC \"Шерлок\". Одной из его недавних работ было участие в приквеле \"Игры престолов\" канала HBO \"Дом дракона\". Что касается полнометражного кино, то Фабиан Вагнер снял кинокомикс \"Лига справедливости Зака Снайдера\" и фантастический боевик \"Оверлорд\".\r<br><br>Отметим, что Фабиан Вагнер не новичок во франшизе \"Веном\". Он исполнял обязанности второго оператора в фильме 2021 года \"Веном 2\", режиссером которого был Энди Серкис.\r<br><br>Что известно о фильме \"Веном 3\"?\r<br><br>В предстоящем фильме Том Харди возвращается в роли антагониста Marvel Венома, а сценаристка двух первых фильмов Келли Марсел дебютирует в качестве режиссера. Сценарий к фильму основан на рассказе, который Келли Марсел и Том Харди написали в соавторстве. В актерском составе \"Венома 3\" числится Джуно Темпл и по неподтвержденной пока информации, Чиветел Эджиофор в секретной роли.','https://www.kinonews.ru/insimgs/2023/newsimg/big/newsimg116325.webp',NULL,NULL,NULL,'PUBLISHED',0,'2023-05-26 08:59:47','2023-05-26 08:59:47',NULL,1),(58,1,'\"Форсаж 10\". Киану Ривз едва не сыграл ключевого персонажа',NULL,'Звезда серии боевиков \"Джон Уик\" Киану Ривз имел все шансы присоединиться к семейной франшизе \"Форса','Звезда серии боевиков \"Джон Уик\" Киану Ривз имел все шансы присоединиться к семейной франшизе \"Форсаж\". Об этом рассказал ее новый участник Алан Ричсон.По его словам именно Киану Ривз должен был сыграть его персонажа по первоначальному замыслу создателей фильма \"Форсаж 10\", и переговоры с актером уже велись. \"Это было просто стечение обстоятельств и удачный выбор времени. Я работал над фильмом с Хилари Суонк в Виннипеге в, где было чудовищно холодно, и тут мне позвонили и рассказали, что планы Киану Ривза внезапно изменились, а изначально предполагалось, что он сыграет мою роль. Так что мне не просто было соответствовать\", - рассказал актер.Звезда сериала \"Джек Ричер\" также отметил, что было \"много проблем со съемочным графиком\", которые чуть не заставили продюсеров предложить третьего кандидата на роль Эймса, который курирует теневое Агентство вместо мистера Никто (Курт Рассел).\"По сути, условия были таковы: если не возникает внешних проблем, мы не закрываемся из-за COVID или погоды, все должно сработать, и примерно через две недели мы получили новости о том, что на нас обрушится самая сильная снежная буря в истории Виннипега. Все производство остановлено. Я пришел в полное уныние в уныние, так как полагал, что все закончилось еще до того, как началось, но, к счастью, мы все уладили, и они смогли еще немного сдвинуть даты\", - добавил он.\r<br><br>В каком фильме снимается сейчас Киану Ривз?\r<br><br>Актер решил взять небольшую паузу после выхода в прокат боевика \"Джон Уик 4\". Судьба пятой части пока не решена. Режиссер Чад Стахелски говорил, что начнет обсуждать с Киану Ривзом дальнейшую историю Джона Уика ближе к концу лета 2023 года.','https://www.kinonews.ru/insimgs/2023/newsimg/big/newsimg116327.webp',NULL,NULL,NULL,'PUBLISHED',0,'2023-05-26 08:59:47','2023-05-26 08:59:47',NULL,1),(59,1,'В финальном трейлере Флэш готов спасти родителей Бэтмена',NULL,'Киностудия Warner Bros. представила финальный трейлер экранизации комиксов \"Флэш\", в котором главную','Киностудия Warner Bros. представила финальный трейлер экранизации комиксов \"Флэш\", в котором главную роль сыграл актер Эзра Миллер.В новом ролике Барри Аллен встречается с Брюсом Уэйном (Бен Аффлек) и объясняет ему свою миссию по изменению пространственно-временного континуума, в том числе предполагает, что мог бы спасти родителей Уэйна. \"Но одновременно, ты можешь уничтожить все\", - предостерегает тот.Также в своем путешествии Флэш встречается с другими знакомыми персонажами, в том числе Бэтменом в исполнении Майкла Китона, который оказывается более сговорчивым. Зрителям впервые продемонстрирован Альфред (Джереми Айронс). Ранее об участии актера в этой картине на сообщалось.\r<br><br>О чем фильм \"Флэш\"?\r<br><br>Барри Аллен путешествует назад во времени, чтобы предотвратить убийство своей матери, что влечет за собой непредвиденные последствия для его временной шкалы. Режиссером \"Флэша\" выступит Андрес Мускетти \"Студия хотела рассказать эту историю, и, конечно, я согласился. По сути, это путешествие во времени, которое включает в себя историю происхождения, связанную с родителями и их несчастным случаем. Путешествие во времени - всегда хорошая идея. Бэтмен - это всегда хорошая идея\", - говорил ранее постановщик.Финальный трейлер фильма \"Флэш\" можно посмотреть на этой странице https://www.kinonews.ru/trailers21586/. Здесь же подробная информация о проекте, новости, кадры и постеры.','https://www.kinonews.ru/insimgs/2023/newsimg/big/newsimg116323.webp',NULL,NULL,NULL,'PUBLISHED',0,'2023-05-26 08:59:48','2023-05-26 08:59:48',NULL,1),(60,1,'Хоакин Феникс сыграет в гей-драме с рейтингом \"18+\"',NULL,'Звезда комедийной драмы \"Все страхи Бо\" Хоакин Феникс готов приступить к новому проекту, объединивши','Звезда комедийной драмы \"Все страхи Бо\" Хоакин Феникс готов приступить к новому проекту, объединившись с Тоддом Хейнсом для создания романтического фильма о геях с рейтингом NC-17 (18+). Тодд Хейнс, чья драма \"Май, декабрь\" дебютировала на проходящем в данный момент Каннском кинофестивале, вкратце рассказал о предстоящем проекте.\"Следующий полнометражный фильм будет основан на оригинальном сценарии, который я разработал вместе с Хоакином Фениксом на основе некоторых мыслей и идей, которые он мне высказал, - в частности сказал Тодд Хейнс. - В основном мы писали сценарий вместе - я, Хоакин и Джон Рэймонд - и разделяем авторство этой истории. И мы надеемся приступить к съемкам в начале следующего года. Это история любви геев, действие которой разворачивается в Лос-Анджелесе 1930-х годов\". \"Хоакин подталкивал меня, говоря: \"Нет, давай пойдем дальше\". Это будет фильм с рейтингом NC-17\", - добавил режиссер и сценарист.\r<br><br>Хоакину Фениксу не привыкать к необычным ролям, которые порой выходят за рамки ожидаемых актерами возможностей. Что касается Тодда Хейнса, то режиссеру таких картин как \"Кэрол\", \"Вдали от рая\", \"Бархатная золотая жила\" и новой мелодрамы \"Май, декабрь\" не чужды ни романтические драмы, ни квир-фильмы.\r<br><br>Какие предстоящие проекты у Хоакина Феникса?\r<br><br>В ноябре 2023 года в Северной Америке в ограниченный прокат выйдет историческая драма Ридли Скотта \"Наполеон\" с Хоакином Фениксом в главной роли, которая затем будет представлена на стриминге Apple TV+. В октябре 2024 года состоится релиз сиквела \"Джокер 2: Безумие на двоих\".','https://www.kinonews.ru/insimgs/2023/newsimg/big/newsimg116307.webp',NULL,NULL,NULL,'PUBLISHED',0,'2023-05-26 08:59:48','2023-05-26 08:59:48',NULL,1),(61,1,'Ева Лонгория пожаловалась на преимущества белых мужчин',NULL,'Звезда сериала \"Отчаянные домохозяйки\" Ева Лонгория пожаловалась на то, что Голливуд ведет \"нечестну','Звезда сериала \"Отчаянные домохозяйки\" Ева Лонгория пожаловалась на то, что Голливуд ведет \"нечестную игру\", когда речь заходит о фильмах, снятых женщинами, которые всегда находятся в менее выигрышном положении, чем белые режиссеры-мужчины.По словам Евы Лонгории, у нее нет права на ошибку, поскольку один провал может стоить ей следующей режиссерской работы. \"Когда был снят последний студийный фильм латиноамериканского режиссера? Это было как 20 лет назад. Мы не можем снимать фильмы раз в 20 лет. Проблема в том, что если этот фильм провалится, люди скажут: \"О, латиноамериканские истории не работают... женщины-режиссеры действительно не умеют снимать. Белый мужчина может снять фильм стоимостью 200 миллионов долларов, потерпеть неудачу и получить другой. В этом-то и проблема. Я получаю один шанс, но работаю в два раза усерднее, в два раза быстрее, в два раза дешевле\", - пожаловалась она.По мнению Евы Лонгории, увеличение количества женщин-режиссеров в последние годы - лишь видимость. \"Да, они перешли от одной к двум. И вы такие: \"Ладно, технически, вы это сделали, но вы все равно наняли только двух женщин\".\r<br><br>Какие кинопроекты сняла Ева Лонгория?\r<br><br>В качестве режиссера актриса участвовала в создании сериалов \"Черноватый\", \"Девственница Джейн\" и \"Гранд Отель\".','https://www.kinonews.ru/insimgs/2023/newsimg/big/newsimg116313.webp',NULL,NULL,NULL,'PUBLISHED',0,'2023-05-26 08:59:49','2023-05-26 08:59:49',NULL,1),(62,1,'Абоненты стриминга Max столкнулись с неполадками в день премьеры',NULL,'В день премьеры новый объединенный стриминг под названием Max, владельцем которого является компания','В день премьеры новый объединенный стриминг под названием Max, владельцем которого является компания Warner Bros. Discovery, сразу же столкнулись с серьезными техническими сбоями.Во вторник утром абоненты заполнили социальные сети комментариями и жалобами на то, что у них возникли проблемы со входом в Max, который должен был прийти на смену HBO Max. Как сообщают пользователи, недоступными во многих случаях оказались как официальный сайт Max.com, так и мобильные приложения, включая платформу iOS, и приложения для телевидения Roku и Samsung TV.“Вы всегда должны ожидать проблемы при внедрении технологий такого масштаба”, - заявил представитель Warner Bros. Discovery, комментируя неполадки. - Мы можем констатировать, что возникли только незначительные проблемы, которые устраняются\".Утверждается также, что Warner Bros. Discovery активно отслеживает сообщения клиентов о технических сбоях из “командных пунктов” в нескольких местах, в том числе в Бельвью, штат Вашингтон, Нью-Йорке и Лондоне. “Вся команда находится в режиме наивысшей готовности\", - сказал технический директор Discovery Ави Саксен.Следящие за запуском стриминга Max журналисты были не столь оптимистично настроены. \"К чести приложения Max, оно работает намного быстрее, поскольку выходит из строя гораздо быстрее, чем когда-либо прежде”, - написал Марк Истук, ведущий утренних новостей WFAA в Далласе.\r<br><br>Режиссер Кристофер Нолан назвал HBO Max худшим стримингом\r<br><br>Знаменитый британский постановщик был крайне недоволен тем, что его фильм и кинопроекты многих коллег были выпущены одновременно в прокате и на цифровой платформе. Такой практики руководство Warner придерживалось в течение года. В результате, Кристофер Нолан решил не продлевать многолетнего сотрудничества с Warner Bros.','https://www.kinonews.ru/insimgs/2023/newsimg/big/newsimg116312.webp',NULL,NULL,NULL,'PUBLISHED',0,'2023-05-26 08:59:49','2023-05-26 08:59:49',NULL,1),(63,1,'Федор Бондарчук снимается в психологическом триллере \"Калимба\"',NULL,'Кинокомпания Norm Production приступила к съемкам многосерийной детективном триллере под названием \"','Кинокомпания Norm Production приступила к съемкам многосерийной детективном триллере под названием \"Калимба\", в которой главные роли исполняют Федор Бондарчук, Сергей Гармаш и Алена Михайлова.Сюжет проекта будет строиться вокруг профессора психиатрии, который проводит опасный психологический эксперимент,. Под разными предлогами он запирает в подвале жертв и их обидчиков. Позже зрители узнают о настоящих мотивах профессора, и поймет, что связывает всех участников этого эксперимента.В режиссерском кресле Нурбек Эген, работавший над такими популярными шоу, как \"Фандорин. Азазель\", \"Шерлок в России\", \"Мажор\" и другими.\"Актерская профессия - вся про психологию человеческих чувств, и в сериале \"Калимба\" они выкручены до предела: мы видим участников странного эксперимента, людей в критической ситуации, в пограничном состоянии. Мой герой, исследующий эти состояния - еще один неоднозначный характер, мотивация которого порой непонятна даже ему самому. Играть эти внутренние поиски будет невероятно интересно\", - прокомментировал Федор Бондарчук.Дата премьеры сериала \"Калимба\" пока не уточняется.\r<br><br>В каких фильмах снимался Федор Бондарчук?\r<br><br>Актер снимался как своих собственных кинопроектах, так и фильмах других постановщиков. Среди них \"9 рота\" (2005), \"Свои\" (2004), \"Адмиралъ\" (2008), сериалах \"Белая гвардия\" (2012), \"Гибель Империи\" (2005), \"Демон революции\" (2017) и др.,','https://www.kinonews.ru/insimgs/2023/newsimg/big/newsimg116306.webp',NULL,NULL,NULL,'PUBLISHED',0,'2023-05-26 08:59:50','2023-05-26 08:59:50',NULL,1),(64,2,'Lionsgate официально работает над «Джоном Уиком 5»',NULL,'Студия Lionsgate находится в стадии ранней разработки пятого «Джона Уика». Об этом сообщил глава ком','Студия Lionsgate находится в стадии ранней разработки пятого «Джона Уика». Об этом сообщил глава компании Джо Дрейк во время недавнего совещания.\r<br><br>«Серия из пяти фильмов будет органичной — органично вырастет из качества рассказанных нами историй. Вы можете положиться на привычный ритм “Джона Уика”», — заверил Дрейк.\r<br><br>Вернётся ли к роли наёмника Киану Ривз, Дрейк не уточнил. Он также подтвердил планы на спин-офф «Балерина» с Аной де Армас, выходящий в июне 2024 года. Этой осенью поклонники «Уика» смогут увидеть на телеэкранах сериал-спин-офф «Континенталь», где сыграл Мел Гибсон.\r<br><br>На прошлой неделе франшиза «Джон Уик» официально стала миллиардером в мировом прокате. Этому способствовал успех четвёртой части, вышедшей в марте и в одиночку заработавшей 429 млн долларов. Рецензия Film.ru доступна по ссылке.\r<br><br>Источник: ComicBook.com\r','https://www.film.ru/sites/default/files/filefield_paths/5_50.jpg',NULL,NULL,NULL,'PUBLISHED',0,'2023-05-26 08:59:51','2023-05-26 08:59:51',NULL,1),(65,2,'Суд отклонил иск актёров «Ромео и Джульетты» на 500 млн долларов',NULL,'В Лос-Анджелесе судья не стала рассматривать дело звёзд фильма «Ромео и Джульетта» 1968 года о харас','В Лос-Анджелесе судья не стала рассматривать дело звёзд фильма «Ромео и Джульетта» 1968 года о харассменте и сексуализированном насилии.\r<br><br>В январе этого года актёры Леонард Уайтинг и Оливия Хасси потребовали от студии Paramount более 500 млн долларов в качестве компенсации за моральный ущерб. По словам истцов, режиссёр «Ромео и Джульетты» Франко Дзеффирелли без их ведома снял актёров обнажёнными и вставил сцену в финальный вариант. На момент съёмок Уайтингу и Хасси было 16-17 лет.\r<br><br>Актёры посчитали эпизод фильма нарушающим законы штата Калифорния о непристойности и эксплуатации детей. Судья назвала заявления истцов «глубоко ложным толкованием» сцены. \r<br><br>«Ромео и Джульетта» считается одной из наиболее каноничных экранизаций трагедии Уильяма Шекспира. Лента удостоилась двух премий «Оскар» за костюмы и операторскую работу.\r<br><br>Источник: The Hollywood Reporter\r','https://www.film.ru/sites/default/files/filefield_paths/rjdismissed.jpg',NULL,NULL,NULL,'PUBLISHED',0,'2023-05-26 08:59:52','2023-05-26 08:59:52',NULL,1),(66,2,'Звезда «Эйфории» Хантер Шефер сыграет в мюзикле с Энн Хэтэуэй',NULL,'Актриса Хантер Шефер («Эйфория») присоединилась к касту музыкальной мелодрамы «Дева Мария» режиссёра','Актриса Хантер Шефер («Эйфория») присоединилась к касту музыкальной мелодрамы «Дева Мария» режиссёра Дэвида Лоури («Легенда о Зелёном рыцаре»). Главные роли в картине исполнят Энн Хэтэуэй и Михаэла Коэл («Я могу уничтожить тебя»).\r<br><br>Сюжет будет развиваться вокруг известной поп-певицы (Хэтэуэй) и легендарной модельерши (Коэл). Шефер воплотит ассистентку модельерши. Музыку к фильму запишут Charli XCX и Джек Антонофф.\r<br><br>Съёмки пройдут в Германии. Точная дата релиза «Девы Марии» не сообщается. Шефер до конца года появится в приквеле «Голодных игр» и в инди-хорроре «Не в своём уме».\r<br><br>Источник: Deadline\r','https://www.film.ru/sites/default/files/filefield_paths/schafer2.jpg',NULL,NULL,NULL,'PUBLISHED',0,'2023-05-26 08:59:52','2023-05-26 08:59:52',NULL,1),(67,2,'«Громовержцев» Marvel поставили на паузу после забастовки',NULL,'Deadline сообщает о приостановке производства фильма «Громовержцы» студии Marvel с Флоренс Пью и Хар','Deadline сообщает о приостановке производства фильма «Громовержцы» студии Marvel с Флоренс Пью и Харрисоном Фордом. Причиной стала продолжающаяся забастовка американских сценаристов.\r<br><br>Съёмки картины должны были стартовать в июне в Атланте. На экраны «Громовержцев» планировали выпустить 26 июля 2024 года. Возобновление проекта состоится после окончания забастовки.\r<br><br>В «Громовержцах» также сыграли Себастиан Стэн, Дэвид Харбор, Ольга Куриленко и др. Сюжет сконцентрируется на главных антигероях Marvel, собранных ради выполнения важной миссии. Предполагалось, что картина завершит пятую кинофазу Marvel.\r<br><br>Ранее студия прекратила подготовку «Блэйда», сериала «Сорвиголова: Рождённый заново» и др. В то же время продолжаются съёмки «Дэдпула 3» и «Капитана Америки 4». К забастовке в ближайшее время могут также присоединиться актёры и режиссёры, требующие повышения заработной платы.\r<br><br>Источник: Deadline  \r','https://www.film.ru/sites/default/files/filefield_paths/thund2.jpg',NULL,NULL,NULL,'PUBLISHED',0,'2023-05-26 08:59:53','2023-05-26 08:59:53',NULL,1),(68,2,'В России покажут золотую коллекцию мультфильмов Ghibli',NULL,'Кинопрокатная компания Russian World Vision сообщила об эксклюзивном приобретении 22 фильмов японско','Кинопрокатная компания Russian World Vision сообщила об эксклюзивном приобретении 22 фильмов японской студии Ghibli. \r<br><br>В золотую библиотеку вошли десять картин создателя студии Хаяо Миядзаки («Мой сосед Тоторо», «Унесённые призраками») и других творцов японской анимации. Среди прочего на территории России и СНГ будут проведены кинотеатральные перевыпуски мультфильмов.\r<br><br>В список приобретений также вошли: «Небесный замок Лапута», «Ходячий замок», «Ведьмина служба доставки», «Принцесса Мононоке», «Навсикая из долины ветров», «Рыбка Поньо на утёсе» и проч.\r<br><br>«Конкуренция за картины была высокой, мы очень рады, что нам выпала честь работать с этими шедеврами мировой анимации гения современности Хаяо Миядзаки. Фильмы будут доступны для просмотра в онлайн-кинотеатрах, на данный момент мы ведем переговоры с площадками. В чьем каталоге окажется библиотека, будет известно позднее», — отметил в пресс-релизе генеральный продюсер RWV Константин Ёлкин.\r<br><br>Последний мультфильм в карьере Миядзаки «Как ты живёшь?» предположительно выйдет в международный прокат до конца года.\r<br><br>Источник: Russian World Vision\r','https://www.film.ru/sites/default/files/filefield_paths/prava1.jpg',NULL,NULL,NULL,'PUBLISHED',0,'2023-05-26 08:59:54','2023-05-26 08:59:54',NULL,1),(69,2,'KION выпустил драму «За нас с вами» Андрея Смирнова',NULL,'Онлайн-кинотеатр KION представил новую историческую драму «За нас с вами» от режиссёра «Француза» Ан','Онлайн-кинотеатр KION представил новую историческую драму «За нас с вами» от режиссёра «Француза» Андрея Смирнова. Подписчики сервиса могут оценить картину с сегодняшнего дня.\r<br><br>Сюжет разворачивается в Москве 1952 года. За несколько месяцев до смерти Иосифа Сталина вся страна находится в страхе из-за репрессий, сфабрикованных дел и доносов. В коммунальной квартире на Большой Пироговке проживает семейство Петкевичей — Дина (Юлия Снигирь) с мужем, а также ее родители. Отец героини (Андрей Смоляков) заканчивает философский труд всей жизни, за который его в любой момент могут посадить. \r<br><br>В картине снимались Александр Кузнецов, Ксения Раппопорт, Леонид Ярмольник, Ирина Розанова и др. Смирнов также выступил сценаристом «За нас с вами».\r','https://www.film.ru/sites/default/files/filefield_paths/2_95.jpg',NULL,NULL,NULL,'PUBLISHED',0,'2023-05-26 08:59:54','2023-05-26 08:59:54',NULL,1),(70,2,'Появились подробности «Кинокритика» Квентина Тарантино',NULL,'В интервью Deadline режиссёр Квентин Тарантино поделился деталями своего десятого и предположительно','В интервью Deadline режиссёр Квентин Тарантино поделился деталями своего десятого и предположительно финального фильма в карьере «Кинокритик».\r<br><br>По словам постановщика, сейчас ленту готовятся запустить в производство. Действие сюжета развернётся в 1977 году в Калифорнии. Главным героем окажется реально существовавший журналист, пишущий кинорецензии для порножурнала.\r<br><br>«Он писал о мейнстримовых фильмах и был запасным критиком. Я думаю, он был очень хорош. И чертовски циничен. Его рецензии были чем-то средним между ранним Говардом Стерном и Трэвисом Биклом (персонаж Роберта Де Ниро в «Таксисте» — прим.ред), если бы тот был кинокритиком. Он был крайне забавным. И грубым. Использовал расистские оскорбления. Но читать было смешно», — говорит Тарантино.\r<br><br>Автор «Криминального чтива» отметил, что возьмёт на главную роль актёра около 35 лет, с которым ранее не работал. Точная дата релиза «Кинокритика» не сообщается. Ранее Тарантино также планировал снять мини-сериал.\r<br><br>Источник: Deadline\r','https://www.film.ru/sites/default/files/filefield_paths/tar1_0.jpg',NULL,NULL,NULL,'PUBLISHED',0,'2023-05-26 08:59:55','2023-05-26 08:59:55',NULL,1),(71,2,'Франшиза «Форсаж» заработала 7 млрд долларов',NULL,'Благодаря успешному старту десятой части, киносерия «Форсаж» официально перешла отметку в $7 млрд ка','Благодаря успешному старту десятой части, киносерия «Форсаж» официально перешла отметку в $7 млрд кассовых сборов по всему миру.\r<br><br>Ранее указанной цифры достигали кинофраншизы «Звёздные войны», «Гарри Поттер», фильмы «бондианы» и киновселенной Marvel. \r<br><br>Всего в активе «Форсажа» находится $7,03 млрд на 11 фильмов (с учётом спин-оффа «Хоббс и Шоу»). Самым кассовым является «Форсаж 7» с финальной ролью Пола Уокера ($1,52 млрд).\r<br><br>Десятый «Форсаж» вышел на прошлой неделе и успел освоить в мире 388 млн долларов. В России лента официально не демонстрируется из-за прекращения работы Universal.\r<br><br>Источник: Deadline\r','https://www.film.ru/sites/default/files/filefield_paths/7bil.jpg',NULL,NULL,NULL,'PUBLISHED',0,'2023-05-26 08:59:55','2023-05-26 08:59:55',NULL,1),(72,2,'Стал доступен расширенный трейлер «Барби»',NULL,'Комедия «Барби» режиссёрки Греты Гервиг получила полноценный трейлер от студии Warner Bros.\r<br><br>','Комедия «Барби» режиссёрки Греты Гервиг получила полноценный трейлер от студии Warner Bros.\r<br><br>Сюжет расскажет о легендарной кукле Барби, которую внезапно изгоняют из Барбилэнда. Перед ней открывается реальная жизнь, не имеющая ничего общего с кукольной идиллией. \r<br><br>Главные роли в ленте сыграли Марго Робби и Райан Гослинг (Кен). Во втором плане появятся: Уилл Феррелл, Эмма Макки, Шути Гатва, Симу Лю, Америка Феррера, Кейт МакКиннон, Джон Сина и др. \r<br><br>Международный прокат стартует 19 июля. Сценарий Гервиг писала вместе с Ноа Баумбаком («История о супружестве»). На саундтреке зазвучат новые песни Дуа Липы, Ники Минаж, Lizzo, Charli XCX и др.\r','https://www.film.ru/sites/default/files/filefield_paths/barbnew.jpg',NULL,NULL,NULL,'PUBLISHED',0,'2023-05-26 08:59:56','2023-05-26 08:59:56',NULL,1),(73,2,'«Цитадель» продлили на второй сезон',NULL,'Остросюжетный боевик «Цитадель» получит продолжение. Стрим-сервис Prime Video официально заказал вто','Остросюжетный боевик «Цитадель» получит продолжение. Стрим-сервис Prime Video официально заказал второй сезон проекта.\r<br><br>Единоличным режиссёром новых серий выступит Джо Руссо («Мстители: Финал»), до этого отвечавший за сценарий. К обязанностям шоураннера вернётся Дэвид Уэйл («Охотники»).\r<br><br>Сюжет «Цитадели» рассказывает о двух бывших агентах спецподразделения ЦРУ (Ричард Мэдден и Приянка Чопра Джонас), противостоящих загадочной организации «Мантикора».\r<br><br>В сериале также снимались номинанты на «Оскар» Стэнли Туччи и Лесли Мэнвилл. Все шесть серий первого сезона станут доступны на Prime Video с 26 мая.\r<br><br>Источник: Deadline\r','https://www.film.ru/sites/default/files/filefield_paths/cit2.jpg',NULL,NULL,NULL,'PUBLISHED',0,'2023-05-26 08:59:57','2023-05-26 08:59:57',NULL,1),(74,2,'Сериал «Захваченный рейс» с Идрисом Эльбой получил первый трейлер',NULL,'Стрим-сервис Apple TV+ выложил в Сеть дебютный трейлер «Захваченного рейса» — нового остросюжетного ','Стрим-сервис Apple TV+ выложил в Сеть дебютный трейлер «Захваченного рейса» — нового остросюжетного шоу с Идрисом Эльбой.\r<br><br>Действие сюжета происходит на борту семичасового рейса из Дубаи в Лондон. Самолёт захватывают неизвестные.  Опытный переговорщик Сэм Нельсон (Эльба) решает применить свои профессиональные навыки и договориться с террористами, чтобы спасти всех на борту. Постепенно выясняются истинные мотивы преступников.\r<br><br>В сериале также снимались Арчи Панджаби, Бен Майлз, Эйми Келли. Все семь серий поставил Джим Филд Смит («Литвиненко»). Премьера на стриминге состоится 28 июня.\r','https://www.film.ru/sites/default/files/filefield_paths/elbanew.jpeg',NULL,NULL,NULL,'PUBLISHED',0,'2023-05-26 08:59:57','2023-05-26 08:59:57',NULL,1),(75,2,'Появился трейлер второго сезона «Пищеблока»',NULL,'«Кинопоиск» опубликовал трейлер второго сезона сериала «Пищеблок».\r<br><br>Шоу основано на одноимённ','«Кинопоиск» опубликовал трейлер второго сезона сериала «Пищеблок».\r<br><br>Шоу основано на одноимённом романе Алексея Иванова. События новых серий развернутся за пределами пионерского лагеря «Буревестник». Главным героем вновь выступит Валерка Лагунов — отличник, староста класса и уже вампир. Спустя три года он продолжает ходить в школу, но каждый день борется с жаждой крови.\r<br><br>В сериале снимались Пётр Натаров, Даниил Вершинин, Мария Абрамова, Ангелина Стречина и др. Режиссёром выступил Эдуард Бордуков («На острие»); сценарий адаптировал Сергей Калужанов («Мажор»). Точная дата релиза держится в секрете.\r<br><br>Первый «Пищеблок» дебютировал на экранах весной 2021 года. Рецензия Film.ru доступна по ссылке. \r','https://www.film.ru/sites/default/files/filefield_paths/pisch2.jpg',NULL,NULL,NULL,'PUBLISHED',0,'2023-05-26 08:59:58','2023-05-26 08:59:58',NULL,1),(76,2,'Amazon нанял терапевта для темнокожих актёров сериала «Кольца власти»',NULL,'Актёр Исмаэль Крус Кордова рассказал о работе с терапевтом на съёмочной площадке второго сезона «Вла','Актёр Исмаэль Крус Кордова рассказал о работе с терапевтом на съёмочной площадке второго сезона «Властелина колец: Кольца власти». \r<br><br>Специалистка была нанята студией Amazon для психологической защиты от расистских высказываний в интернете. На шоу Кордова играет Арондира, первого темнокожего эльфа во вселенной Дж. Р. Р. Толкина. Появление персонажа вызвало шквал оскорбительных комментариев в Сети.\r<br><br>«Всё это имело воздействие на моё ментальное здоровье. Я говорю об этом открыто, чтобы люди поняли: то, что они делают и говорят онлайн, действительно причиняет боль, оказывает влияние. Мой телефон взломали. Попытались взломать мои банковские счета. Мне угрожали смертью. Люди узнавали мой адрес. Много всего было», — вспоминает Кордова в интервью с Variety.\r<br><br>По словам Кордовы, разговоры с терапевткой помогли ему справиться с негативным влиянием:\r<br><br>«Вам нужна поддержка, когда это происходит, потому что голосов много, они громкие и доносятся до вас из огромного количества мест. Мне нравилось видеть её на площадке. Я знал, что там есть кто-то, кто видит меня всего. Не только в качестве актёра».\r<br><br>Второй сезон «Колец власти» выйдет на Prime Video не раньше 2024 года. Рецензия Film.ru на первый сезон доступна по ссылке.\r<br><br>Источник: Variety\r','https://www.film.ru/sites/default/files/filefield_paths/cordova.jpg',NULL,NULL,NULL,'PUBLISHED',0,'2023-05-26 08:59:58','2023-05-26 08:59:58',NULL,1),(77,2,'Вышел второй трейлер комедии «Без обид» с Дженнифер Лоуренс',NULL,'Студия Sony Pictures поделилась вторым официальным трейлером к предстоящему фильму «Без обид». Главн','Студия Sony Pictures поделилась вторым официальным трейлером к предстоящему фильму «Без обид». Главную роль в нём сыграла лауреатка «Оскара» Дженнифер Лоуренс.\r<br><br>Сюжет развивается вокруг водительницы Uber Мэдди. Чтобы избежать банкротства, девушка устраивается на работу к богатой семье и их сыну Перси. От Мэдди просят провести с парнем последнее лето перед поступлением в колледж. \r<br><br>В ленте также снимались: Эндрю Фелдман, Мэттью Бродерик, Лора Бенанти, Натали Моралес и др. Режиссёром выступил Джин Ступницки («Хорошие мальчики»). Релиз намечен на 16 июня.\r','https://www.film.ru/sites/default/files/filefield_paths/lawr_0.jpg',NULL,NULL,NULL,'PUBLISHED',0,'2023-05-26 08:59:59','2023-05-26 08:59:59',NULL,1),(78,2,'Дольф Лундгрен появится в спин-оффе «Ведьмака»',NULL,'В интервью шведской газете Aftonbladet актёр Дольф Лундгрен рассказал об участии в предстоящем спин-','В интервью шведской газете Aftonbladet актёр Дольф Лундгрен рассказал об участии в предстоящем спин-оффе «Ведьмака».\r<br><br>Netflix будет снимать сериал в Южной Африке. Его кодовое название — Riff Raff (пер. Гопота). Сюжет расскажет о банде подростков-воров, прозванных «Крысами Пограничья». Герои идут на самое крупное ограбление в истории. В книгах Анджея Сапковского в состав Крыс также входила Цири.\r<br><br>Кого конкретно сыграет Лундгрен, не сообщается. Ранее он впервые рассказал о своём онкологическом заболевании. До конца года актёр появится на экранах в «Неудержимых 4».\r<br><br>Третий сезон «Ведьмака» стартует на стриминге 29 июня. Генри Кавилл в последний раз примерит на себя образ Геральта из Ривии. В последующих сезонах его заменит Лиам Хемсворт («Голодные игры»).\r<br><br>Источник: CBR\r','https://www.film.ru/sites/default/files/filefield_paths/dolphwitcher.jpg',NULL,NULL,NULL,'PUBLISHED',0,'2023-05-26 09:00:00','2023-05-26 09:00:00',NULL,1),(79,2,'Галь Гадот могла сыграть в «Барби»',NULL,'Звезда «Чудо-женщины» Галь Гадот рассматривалась на роль Барби в комедии Греты Гервиг и Warner Bros.','Звезда «Чудо-женщины» Галь Гадот рассматривалась на роль Барби в комедии Греты Гервиг и Warner Bros. Об этом сообщила Марго Робби в интервью Vogue.\r<br><br>Гервиг и Робби, которая в итоге сыграла героиню, а также спродюсировала фильм, изначально хотели видеть именно Гадот в роли легендарной куклы. Из-за занятости израильская актриса не смогла участвовать в съёмках.\r<br><br>«У Галь Гадот энергия Барби. Потому что Галь Гадот невероятно прекрасная, но вы не проклинаете её за это, потому что она неподдельно искренняя, настолько восторженно добрая, что можно принять это за странность», — говорит Робби.\r<br><br>«Барби» находилась в разработке у студии с 2016 года. Ещё одной претенденткой на роль была комедиантка Эми Шумер. Помимо Робби, в ленте также снялись Райан Гослинг, Эмма Макки, Уилл Феррелл и Джон Сина. Релиз в международном прокате запланирован на 19 июля.\r<br><br>Гадот в этом году возглавит экшн-триллер Netflix «Каменное сердце». Она также появилась камео в десятой части «Форсажа».\r<br><br>Источник: People\r','https://www.film.ru/sites/default/files/filefield_paths/galbarbie.jpg',NULL,NULL,NULL,'PUBLISHED',0,'2023-05-26 09:00:00','2023-05-26 09:00:00',NULL,1),(80,2,'Вышел трейлер российского сериала «Бэби-тур»',NULL,'Онлайн-кинотеатр KION выпустил дебютный трейлер комедийного шоу «Бэби-тур». Его премьера намечена на','Онлайн-кинотеатр KION выпустил дебютный трейлер комедийного шоу «Бэби-тур». Его премьера намечена на 1 июня.\r<br><br>Сюжет повествует о четырёх подругах из глубинки, которые в конце нулевых решают улететь в США и родить там ребёнка, что тот смог получить американское гражданство. \r<br><br>Режиссёром выступил Фёдор Стуков («Физрук»), над сценарием работал Василий Сигарев («Страна ОЗ»). Роли в «Бэби-туре» исполнили Анастасия Попова, Анна Котова, Лина Миримская, Мария Осипова и Егор Дружинин.\r','https://www.film.ru/sites/default/files/filefield_paths/baby2.jpg',NULL,NULL,NULL,'PUBLISHED',0,'2023-05-26 09:00:01','2023-05-26 09:00:01',NULL,1),(81,2,'Звезда «Лучше звоните Солу» Рэй Сихорн присоединилась к «Плохим парням 4»',NULL,'Номинантка на премию «Эмми» Рэй Сихорн («Лучше звоните Солу») появится в актёрском составе боевика «','Номинантка на премию «Эмми» Рэй Сихорн («Лучше звоните Солу») появится в актёрском составе боевика «Плохие парни 4». Об этом сообщает Deadline.\r<br><br>Детали сюжета не уточняются. К главным ролям вернутся Уилл Смит и Мартин Лоуренс; во втором плане окажутся Эрик Дэйн, Йоан Гриффит, Ванесса Энн Хадженс и Александр Людвиг.\r<br><br>Съёмки уже стартовали в Атланте. Режиссёрский пост вновь разделят Адиль Эль Арби и Билал Фалла, работавшие над третьей частью. Релиз ожидается до конца 2024 года.\r<br><br>Сихорн скоро возглавит новый секретный сериал Винса Гиллигана («Сол», «Во все тяжкие») для Apple TV+. \r<br><br>Источник: Deadline\r','https://www.film.ru/sites/default/files/filefield_paths/bad4_0.jpg',NULL,NULL,NULL,'PUBLISHED',0,'2023-05-26 09:00:02','2023-05-26 09:00:02',NULL,1),(82,2,'Умерла певица Тина Тёрнер',NULL,'В возрасте 83 лет скончалась легендарная американская певица и «королева рок-н-ролла» Тина Тёрнер. О','В возрасте 83 лет скончалась легендарная американская певица и «королева рок-н-ролла» Тина Тёрнер. Об этом сообщила её семья в среду, 24 мая.\r<br><br>Причиной смерти стала продолжительная болезнь. Тёрнер (настоящее имя Анна Мэй Буллок) родилась в 1939 году в Теннесси. Изначально она выступала в дуэте с мужем Айком, однако после разошлась с ним из-за домашнего насилия. Тёрнер создавала культовые хиты, включая “Proud Mary”, “The Best”, “What’s Love Got To Do With It” и др.\r<br><br>Жизнь Тёрнер была положена в основу байопика «На что способна любовь» — певицу воплотила Анджела Бассетт, получившая за роль номинацию на «Оскар». Сама Тёрнер появлялась на экранах в триквеле «Безумного Макса» в образе злодейки Тётушки Энтити. Она также сочинила песню “Goldeneye” к одноимённому фильму про Джеймса Бонда.\r<br><br>Свои соболезнования по поводу кончины принесли Мик Джаггер, Глория Гэйнор, Дайана Росс, Анджела Бассетт и др.\r<br><br>Источник: Variety\r','https://www.film.ru/sites/default/files/filefield_paths/turner.jpg',NULL,NULL,NULL,'PUBLISHED',0,'2023-05-26 09:00:02','2023-05-26 09:00:02',NULL,1),(83,2,'Николас Кейдж сыграл камео Супермена во «Флэше»',NULL,'Лауреат «Оскара» Николас Кейдж воплотил Супермена в предстоящем кинокомикса «Флэш». Об этом сообщил ','Лауреат «Оскара» Николас Кейдж воплотил Супермена в предстоящем кинокомикса «Флэш». Об этом сообщил режиссёр картины Энди Мускетти. \r<br><br>«Ник был просто великолепен. Хотя роль была эпизодической, он с головой погрузился в неё… Я всю свою жизнь мечтал поработать с ним. Надеюсь, что вскоре смогу повторить этот опыт. Он большой поклонник Супермена. Одержим комиксами», — делится Мускетти в интервью Variety.\r<br><br>В 1990-х Кейдж собирался сыграть Кларка Кента в сольном фильме Тима Бёртона, однако проект так и не состоялся. Одного из своих сыновей Кейдж даже назвал Кал-Элом (оригинальное имя Супермена).\r<br><br>Релиз «Флэша» в кинотеатрах намечен на 14 июня. Кейдж недавно сыграл Дракулу в комедии «Ренфилд». До конца года он появится на экранах в триллере «Схватка с дьяволом».\r<br><br>Источник: Variety\r','https://www.film.ru/sites/default/files/filefield_paths/cagesup.jpg',NULL,NULL,NULL,'PUBLISHED',0,'2023-05-26 09:00:03','2023-05-26 09:00:03',NULL,1),(84,2,'Появился трейлер комедии «Проблемиста» с Тильдой Суинтон',NULL,'Студия A24 представила дебютный трейлер фильма «Проблемиста» комика Хулио Торреса. Ключевую роль в л','Студия A24 представила дебютный трейлер фильма «Проблемиста» комика Хулио Торреса. Ключевую роль в ленте исполнила Тильда Суинтон.\r<br><br>Сюжет развивается вокруг подающего надежды дизайнера игрушек Алехандро (Торрес). Герой хочет окончательно переехать из родного Сальвадора в Нью-Йорка, однако его рабочая виза постепенно истекает. Алехандро вынужден устроиться на работу ассистентом к эксцентричной художнице (Суинтон). \r<br><br>В фильме также принимали участие рэпер RZA и Изабелла Росселлини в качестве рассказчицы. Картину спродюсировала Эмма Стоун. \r<br><br>Мировая премьера состоялась на кинофестивале SXSW в марте. Критики позитивно приняли «Проблемисту»: 100% на Rotten Tomatoes, 74/100 на Metacritic. Релиз в кинотеатрах состоится до конца года.\r','https://www.film.ru/sites/default/files/filefield_paths/50455997-2379896.jpg',NULL,NULL,NULL,'PUBLISHED',0,'2023-05-26 09:00:04','2023-05-26 09:00:04',NULL,1),(85,2,'На Флоренс Пью обиделись из-за съёмок в Marvel',NULL,'Звезда «Солнцестояния» и «Чёрной Вдовы» Флоренс Пью рассказала об обидах инди-кинематографистов из-з','Звезда «Солнцестояния» и «Чёрной Вдовы» Флоренс Пью рассказала об обидах инди-кинематографистов из-за её участия в проекта киновселенной Marvel.\r<br><br>О нестандартной реакции актриса упомянула в интервью журналу Time:\r<br><br>«Так много людей в мире инди-кино были по-настоящему злы на меня. Они думали: «Отлично, теперь она ушла навсегда». А я им говорю: «Вовсе нет, я работаю так же усердно, как и раньше». Я всегда снималась в идентичных друг другу фильмах. Сейчас люди их смотрят. Прсто стоит быть более организованной в своём расписании», — считает Пью.\r<br><br>Пью начинала карьеру с малобюджетных картин, включая «Леди Макбет», ставшую прорывом для неё. В Marvel Пью исполнила роль Елены Беловой. Помимо «Вдовы», героиня также появилась в сериале «Соколиный глаз». В 2024 году с Пью на экраны выйдут «Громовержцы», где Белова выступит лидирующей участницей.\r<br><br>Скоро Пью можно будет увидеть в «Оппенгеймере» Кристофера Нолана и в сиквеле «Дюны» Дени Вильнёва.\r<br><br>Источник: Time\r','https://www.film.ru/sites/default/files/filefield_paths/flo1.jpg',NULL,NULL,NULL,'PUBLISHED',0,'2023-05-26 09:00:04','2023-05-26 09:00:04',NULL,1),(86,2,'Звезда «Чем мы заняты в тени» может сыграть в «Майнкрафте» с Джейсоном Момоа',NULL,'Британский актёр Мэтт Берри («Чем мы заняты в тени») готов присоединиться к экранизации видеоигры «М','Британский актёр Мэтт Берри («Чем мы заняты в тени») готов присоединиться к экранизации видеоигры «Майнкрафт», сообщает Deadline.\r<br><br>Детали персонажа Берри не сообщаются. Главную роль в ленте исполнит звезда «Аквамена» и «Игры престолов» Джейсон Момоа. Режиссёром выступит Джаред Хесс («Наполеон Динамит»).\r<br><br>Сюжет предстоящего полнометражного фильма держится в секрете. «Уорнеры» выпустят «Майнкрафт» в кинотеатрах США 4 апреля 2025 года.\r<br><br>Пятый сезон «Чем мы заняты в тени» стартует 13 июля на FX. Берри также недавно появлялся в мини-сериале «Большие надежды» с Оливией Колман.\r<br><br>Источник: Deadline\r','https://www.film.ru/sites/default/files/filefield_paths/berryminecraft.jpg',NULL,NULL,NULL,'PUBLISHED',0,'2023-05-26 09:00:05','2023-05-26 09:00:05',NULL,1),(87,2,'Сериал «Кумир» разгромили критики',NULL,'В Каннах состоялась премьера первых серий нового проекта HBO «Кумир». Сериал Сэма Левинсона («Эйфори','В Каннах состоялась премьера первых серий нового проекта HBO «Кумир». Сериал Сэма Левинсона («Эйфория») и певца The Weeknd (настоящее имя Эйбел Тесфайе) получил максимально негативную реакцию посмотревших.\r<br><br>Сюжет «Кумира» повествует о молодой поп-звезде Джослин (Лили-Роуз Депп) и её пути в музыкальной индустрии. Девушка знакомится с загадочным владельцем ночного клуба Тедросом (The Weeknd), который также является главой могущественного культа.\r<br><br>На Rotten Tomatoes шоу получило 9% «свежести» (на основе 11 рецензий). Портал Metacritic зафиксировал 27 из 100 баллов положительных рецензий. Критики осудили намеренную провокационность и желание шокировать зрителей, обильное количество сцен секса и др.\r<br><br>Рецензия Film.ru доступна по ссылке. Всего в «Кумире» запланировано шесть серий. Сериал стартует на HBO 4 июня. \r','https://www.film.ru/sites/default/files/filefield_paths/idolew.jpg',NULL,NULL,NULL,'PUBLISHED',0,'2023-05-26 09:00:05','2023-05-26 09:00:05',NULL,1),(88,2,'Мультсериал «Остров черепа» получил первый тизер',NULL,'Netflix и студия Lionsgate объединились для выпуска нового анимационного шоу «Остров черепа». Проект','Netflix и студия Lionsgate объединились для выпуска нового анимационного шоу «Остров черепа». Проект является продолжением полнометражного фильма про Кинг Конга 2017 года.\r<br><br>По сюжету, группа героев терпит крушение на необитаемом острове. Постепенно они узнают, что его населяют чудовищные существа, а правит территорией гигантская горилла Кинг Конг.\r<br><br>Роли в сериале озвучили Николас Канту, Мэй Уитман, Даррен Барнет, Бетти Гилпин и Бенджамин Брэтт. Шоураннером и сценаристом выступил Брайан Даффилд («Спонтанность», «Любовь и монстры»).\r<br><br>Релиз всех серий «Острова черепа» на Netflix состоится 22 июня.\r','https://www.film.ru/sites/default/files/filefield_paths/kongg.jpg',NULL,NULL,NULL,'PUBLISHED',0,'2023-05-26 09:00:06','2023-05-26 09:00:06',NULL,1),(89,2,'Вышел второй трейлер фильма «Снегирь» Бориса Хлебникова',NULL,'Компания «Атмосфера кино» поделилась новым трейлером остросюжетной ленты «Снегирь». Релиз в кинотеат','Компания «Атмосфера кино» поделилась новым трейлером остросюжетной ленты «Снегирь». Релиз в кинотеатрах запланирован на 8 июня.\r<br><br>Сюжет рассказывает о двух блогерах Никите и Максиме, которые в погоне за контентом решают провести летние каникулы на рыболовном судне «Снегирь». Вскоре герои вместе с моряками попадают в шторм и выясняют, что самые главные испытания только начинаются.\r<br><br>Режиссёром выступил Борис Хлебников («Аритмия»). В основу картины был положен роман Георгия Владимова «Три минуты молчания». Роли в «Снегире» исполнили Александр Робак, Тимофей Трибунцев, Макар Хлебников, Олег Савостюк и др.\r','https://www.film.ru/sites/default/files/filefield_paths/snegir2.jpg',NULL,NULL,NULL,'PUBLISHED',0,'2023-05-26 09:00:07','2023-05-26 09:00:07',NULL,1),(90,2,'Джефф Бриджес рассказал об уменьшившейся опухоли',NULL,'Лауреат «Оскар» Джефф Бриджес поведал в интервью изданию AARP о состоянии своего здоровья. По словам','Лауреат «Оскар» Джефф Бриджес поведал в интервью изданию AARP о состоянии своего здоровья. По словам актёра, раковая опухоль в его желудке уменьшилась до незначительных размеров.\r<br><br>«Я снимался в экшн-сценах для первой серии «Старика» и ещё не знал, что внутри меня опухоль размером 23 на 30,5 сантиметров», — сказал актёр, после чего добавил, что та сократилась «до размера стеклянного шарика».\r<br><br>Бриджесу диагностировали лимфому осенью 2020-го. Спустя год он поделился в соцсетях, что вышел в ремиссию. Бриджес также тяжело переболел ковидом, что ещё сильнее ухудшило его здоровье.\r<br><br>Сейчас Бриджес готовится приступить к съёмкам второго сезона «Старика». Недавно свой онкологический диагноз впервые раскрыл Дольф Лундгрен.\r<br><br>Источник: AARP  \r<br><br>Фото: кадр из фильма «Железная хватка» (2010)\r','https://www.film.ru/sites/default/files/filefield_paths/bridges.jpg',NULL,NULL,NULL,'PUBLISHED',0,'2023-05-26 09:00:07','2023-05-26 09:00:07',NULL,1),(91,2,'Вышел финальный трейлер «Флэша»',NULL,'Студии Warner Bros. и DC поделились третьим по счёту и финальным трейлером кинокомикса «Флэш». Лента','Студии Warner Bros. и DC поделились третьим по счёту и финальным трейлером кинокомикса «Флэш». Лента стартует в прокате 14 июня.\r<br><br>К роли Барри Аллена и его супергеройского альтер-эго Флэша вернётся Эзра Миллер. По сюжету, он хочет предотвратить смерть своей матери, для чего возвращается в прошлое и наводит хаос в мультивселенной.\r<br><br>Роли в фильме исполнили: Майкл Китон, Бен Аффлек (оба сыграли Бэтмена), Майкл Шеннон (генерал Зод), Саша Калле (Супергёрл) и Джереми Айронс (дворецкий Альфред). Режиссёром выступил Энди Мускетти (дилогия «Оно»).\r<br><br>Мировая премьера «Флэша» прошла на конвенте CinemaCon в апреле. Свою любовь к фильму уже успели выразить Том Круз и новый глава DC Studios, режиссёр Джеймс Ганн.\r<br><br>В России «Флэш» официально не выйдет из-за прекращения работы «Уорнеров».\r','https://www.film.ru/sites/default/files/filefield_paths/flashnew.jpg',NULL,NULL,NULL,'PUBLISHED',0,'2023-05-26 09:00:08','2023-05-26 09:00:08',NULL,1),(94,2,'Появился новый трейлер мультфильма «Руби Гиллман, подросток-кракен»',NULL,'Студия DreamWorks Animation представила второй официальный трейлер к мультфильму «Руби Гиллман, подр','Студия DreamWorks Animation представила второй официальный трейлер к мультфильму «Руби Гиллман, подросток-кракен». Релиз в международном прокате намечен на конец июня.\r<br><br>Главная героиня ленты, 16-летняя кракена Руби живёт в подводном мире и почти не общается со сверстниками, хотя очень этого хочет. Внезапно она узнаёт, что является наследницей престола королевства кракенов, который должен перейти к ней от её бабушки.\r<br><br>Картину озвучили Лана Кондор, Тони Коллетт, Джейн Фонда, Колман Доминго, Энни Мёрфи и др. Одним из режиссёров выступил Кирк ДеМикко («Семейка Крудс»). \r<br><br>Российские зрители официально не смогут увидеть «Руби Гиллман» в кинотеатрах. Ранее прокатчик Universal официально перестал выпускать фильмы в стране.\r','https://www.film.ru/sites/default/files/filefield_paths/rub2.jpg',NULL,NULL,NULL,'PUBLISHED',0,'2023-05-26 10:42:33','2023-05-26 10:42:33',NULL,1),(95,2,'Netflix приобрёл драму «Май, декабрь» с Натали Портман и Джулианной Мур',NULL,'После премьеры на Каннском кинофестивале стрим-сервис Netflix официально выкупил права на фильм «Май','После премьеры на Каннском кинофестивале стрим-сервис Netflix официально выкупил права на фильм «Май, декабрь» для релиза в США. \r<br><br>Сумма сделки составила 11 млн долларов. На международных территориях картина выйдет в кинотеатральный прокат. Режиссёром фильма выступил Тодд Хэйнс («Кэрол»), а главные роли исполнили лауреатки «Оскара» Натали Портман и Джулианна Мур.\r<br><br>Сюжет развивается вокруг актрисы Элизабет (Портман), которая собирается сыграть скандально известную Грэйси (Мур). В прошлом веке женщина завела роман с 13-летним подростком Джо. Когда Джо (Чарльз Мелтон) стал совершеннолетним, пара поженилась и родила двоих детей. Приезд Элизабет омрачает настроение в доме и существенно меняет жизнь супругов.\r<br><br>«Май, декабрь» был восторженно принят критиками: 93% на Rotten Tomatoes, 81/100 на Metacritic. Будет ли проект выпущен в России, неизвестно.\r<br><br>Источник: Variety\r','https://www.film.ru/sites/default/files/filefield_paths/3_67.jpg',NULL,NULL,NULL,'PUBLISHED',0,'2023-05-26 10:42:34','2023-05-26 10:42:34',NULL,1);
/*!40000 ALTER TABLE `news` ENABLE KEYS */;
UNLOCK TABLES;

--
-- Table structure for table `notifications`
--

DROP TABLE IF EXISTS `notifications`;
/*!40101 SET @saved_cs_client     = @@character_set_client */;
/*!50503 SET character_set_client = utf8mb4 */;
CREATE TABLE `notifications` (
  `id` char(36) CHARACTER SET utf8mb4 COLLATE utf8mb4_unicode_ci NOT NULL,
  `type` varchar(255) CHARACTER SET utf8mb4 COLLATE utf8mb4_unicode_ci NOT NULL,
  `notifiable_type` varchar(255) CHARACTER SET utf8mb4 COLLATE utf8mb4_unicode_ci NOT NULL,
  `notifiable_id` bigint unsigned NOT NULL,
  `data` text CHARACTER SET utf8mb4 COLLATE utf8mb4_unicode_ci NOT NULL,
  `read_at` timestamp NULL DEFAULT NULL,
  `created_at` timestamp NULL DEFAULT NULL,
  `updated_at` timestamp NULL DEFAULT NULL,
  PRIMARY KEY (`id`),
  KEY `notifications_notifiable_type_notifiable_id_index` (`notifiable_type`,`notifiable_id`)
) ENGINE=InnoDB DEFAULT CHARSET=utf8mb4 COLLATE=utf8mb4_unicode_ci;
/*!40101 SET character_set_client = @saved_cs_client */;

--
-- Dumping data for table `notifications`
--

LOCK TABLES `notifications` WRITE;
/*!40000 ALTER TABLE `notifications` DISABLE KEYS */;
/*!40000 ALTER TABLE `notifications` ENABLE KEYS */;
UNLOCK TABLES;

--
-- Table structure for table `password_reset_tokens`
--

DROP TABLE IF EXISTS `password_reset_tokens`;
/*!40101 SET @saved_cs_client     = @@character_set_client */;
/*!50503 SET character_set_client = utf8mb4 */;
CREATE TABLE `password_reset_tokens` (
  `email` varchar(255) CHARACTER SET utf8mb4 COLLATE utf8mb4_unicode_ci NOT NULL,
  `token` varchar(255) CHARACTER SET utf8mb4 COLLATE utf8mb4_unicode_ci NOT NULL,
  `created_at` timestamp NULL DEFAULT NULL,
  PRIMARY KEY (`email`)
) ENGINE=InnoDB DEFAULT CHARSET=utf8mb4 COLLATE=utf8mb4_unicode_ci;
/*!40101 SET character_set_client = @saved_cs_client */;

--
-- Dumping data for table `password_reset_tokens`
--

LOCK TABLES `password_reset_tokens` WRITE;
/*!40000 ALTER TABLE `password_reset_tokens` DISABLE KEYS */;
/*!40000 ALTER TABLE `password_reset_tokens` ENABLE KEYS */;
UNLOCK TABLES;

--
-- Table structure for table `permissions`
--

DROP TABLE IF EXISTS `permissions`;
/*!40101 SET @saved_cs_client     = @@character_set_client */;
/*!50503 SET character_set_client = utf8mb4 */;
CREATE TABLE `permissions` (
  `id` bigint unsigned NOT NULL AUTO_INCREMENT,
  `name` varchar(255) CHARACTER SET utf8mb4 COLLATE utf8mb4_unicode_ci NOT NULL,
  `guard_name` varchar(255) CHARACTER SET utf8mb4 COLLATE utf8mb4_unicode_ci NOT NULL,
  `created_at` timestamp NULL DEFAULT NULL,
  `updated_at` timestamp NULL DEFAULT NULL,
  PRIMARY KEY (`id`),
  UNIQUE KEY `permissions_name_guard_name_unique` (`name`,`guard_name`)
) ENGINE=InnoDB AUTO_INCREMENT=31 DEFAULT CHARSET=utf8mb4 COLLATE=utf8mb4_unicode_ci;
/*!40101 SET character_set_client = @saved_cs_client */;

--
-- Dumping data for table `permissions`
--

LOCK TABLES `permissions` WRITE;
/*!40000 ALTER TABLE `permissions` DISABLE KEYS */;
INSERT INTO `permissions` VALUES (1,'block-users','web','2023-05-13 11:18:10','2023-05-13 11:18:10'),(2,'unblock-users','web','2023-05-13 11:18:10','2023-05-13 11:18:10'),(3,'show-all pending articles','web','2023-05-13 11:18:10','2023-05-13 11:18:10'),(4,'publish-all pending articles','web','2023-05-13 11:18:10','2023-05-13 11:18:10'),(5,'delete-all pending articles','web','2023-05-13 11:18:10','2023-05-13 11:18:10'),(6,'block-all published articles','web','2023-05-13 11:18:10','2023-05-13 11:18:10'),(7,'show-all published news','web','2023-05-13 11:18:10','2023-05-13 11:18:10'),(8,'create-all published news','web','2023-05-13 11:18:11','2023-05-13 11:18:11'),(9,'edit-all published news','web','2023-05-13 11:18:11','2023-05-13 11:18:11'),(10,'delete-all published news','web','2023-05-13 11:18:11','2023-05-13 11:18:11'),(11,'show-all comments','web','2023-05-13 11:18:11','2023-05-13 11:18:11'),(12,'block-all comments','web','2023-05-13 11:18:11','2023-05-13 11:18:11'),(13,'delete-all comments','web','2023-05-13 11:18:11','2023-05-13 11:18:11'),(14,'show-own draft articles','web','2023-05-13 11:18:11','2023-05-13 11:18:11'),(15,'create-own draft articles','web','2023-05-13 11:18:12','2023-05-13 11:18:12'),(16,'edit-own draft articles','web','2023-05-13 11:18:12','2023-05-13 11:18:12'),(17,'delete-own draft articles','web','2023-05-13 11:18:12','2023-05-13 11:18:12'),(18,'show-own published articles','web','2023-05-13 11:18:12','2023-05-13 11:18:12'),(19,'create-own published articles','web','2023-05-13 11:18:12','2023-05-13 11:18:12'),(20,'edit-own published articles','web','2023-05-13 11:18:12','2023-05-13 11:18:12'),(21,'delete-own published articles','web','2023-05-13 11:18:12','2023-05-13 11:18:12'),(22,'show-own profile','web','2023-05-13 11:18:13','2023-05-13 11:18:13'),(23,'create-own profile','web','2023-05-13 11:18:13','2023-05-13 11:18:13'),(24,'edit-own profile','web','2023-05-13 11:18:13','2023-05-13 11:18:13'),(25,'delete-own profile','web','2023-05-13 11:18:13','2023-05-13 11:18:13'),(26,'show-all published articles','web','2023-05-13 11:18:13','2023-05-13 11:18:13'),(27,'show-own comments','web','2023-05-13 11:18:13','2023-05-13 11:18:13'),(28,'create-own comments','web','2023-05-13 11:18:14','2023-05-13 11:18:14'),(29,'edit-own comments','web','2023-05-13 11:18:14','2023-05-13 11:18:14'),(30,'delete-own comments','web','2023-05-13 11:18:14','2023-05-13 11:18:14');
/*!40000 ALTER TABLE `permissions` ENABLE KEYS */;
UNLOCK TABLES;

--
-- Table structure for table `personal_access_tokens`
--

DROP TABLE IF EXISTS `personal_access_tokens`;
/*!40101 SET @saved_cs_client     = @@character_set_client */;
/*!50503 SET character_set_client = utf8mb4 */;
CREATE TABLE `personal_access_tokens` (
  `id` bigint unsigned NOT NULL AUTO_INCREMENT,
  `tokenable_type` varchar(255) CHARACTER SET utf8mb4 COLLATE utf8mb4_unicode_ci NOT NULL,
  `tokenable_id` bigint unsigned NOT NULL,
  `name` varchar(255) CHARACTER SET utf8mb4 COLLATE utf8mb4_unicode_ci NOT NULL,
  `token` varchar(64) CHARACTER SET utf8mb4 COLLATE utf8mb4_unicode_ci NOT NULL,
  `abilities` text CHARACTER SET utf8mb4 COLLATE utf8mb4_unicode_ci,
  `last_used_at` timestamp NULL DEFAULT NULL,
  `expires_at` timestamp NULL DEFAULT NULL,
  `created_at` timestamp NULL DEFAULT NULL,
  `updated_at` timestamp NULL DEFAULT NULL,
  PRIMARY KEY (`id`),
  UNIQUE KEY `personal_access_tokens_token_unique` (`token`),
  KEY `personal_access_tokens_tokenable_type_tokenable_id_index` (`tokenable_type`,`tokenable_id`)
) ENGINE=InnoDB DEFAULT CHARSET=utf8mb4 COLLATE=utf8mb4_unicode_ci;
/*!40101 SET character_set_client = @saved_cs_client */;

--
-- Dumping data for table `personal_access_tokens`
--

LOCK TABLES `personal_access_tokens` WRITE;
/*!40000 ALTER TABLE `personal_access_tokens` DISABLE KEYS */;
/*!40000 ALTER TABLE `personal_access_tokens` ENABLE KEYS */;
UNLOCK TABLES;

--
-- Table structure for table `profiles`
--

DROP TABLE IF EXISTS `profiles`;
/*!40101 SET @saved_cs_client     = @@character_set_client */;
/*!50503 SET character_set_client = utf8mb4 */;
CREATE TABLE `profiles` (
  `id` bigint unsigned NOT NULL AUTO_INCREMENT,
  `user_id` bigint unsigned NOT NULL,
  `first_name` varchar(255) CHARACTER SET utf8mb4 COLLATE utf8mb4_unicode_ci NOT NULL,
  `last_name` varchar(255) CHARACTER SET utf8mb4 COLLATE utf8mb4_unicode_ci NOT NULL,
  `occupation` varchar(255) CHARACTER SET utf8mb4 COLLATE utf8mb4_unicode_ci DEFAULT NULL,
  `city` varchar(255) CHARACTER SET utf8mb4 COLLATE utf8mb4_unicode_ci DEFAULT NULL,
  `country` varchar(255) CHARACTER SET utf8mb4 COLLATE utf8mb4_unicode_ci DEFAULT NULL,
  `website` varchar(255) CHARACTER SET utf8mb4 COLLATE utf8mb4_unicode_ci DEFAULT NULL,
  `company` varchar(255) CHARACTER SET utf8mb4 COLLATE utf8mb4_unicode_ci DEFAULT NULL,
  `about_me` text CHARACTER SET utf8mb4 COLLATE utf8mb4_unicode_ci,
  `bio` text CHARACTER SET utf8mb4 COLLATE utf8mb4_unicode_ci,
  `created_at` timestamp NULL DEFAULT NULL,
  `updated_at` timestamp NULL DEFAULT NULL,
  `deleted_at` timestamp NULL DEFAULT NULL,
  PRIMARY KEY (`id`),
  UNIQUE KEY `profiles_user_id_unique` (`user_id`),
  CONSTRAINT `profiles_user_id_foreign` FOREIGN KEY (`user_id`) REFERENCES `users` (`id`)
) ENGINE=InnoDB DEFAULT CHARSET=utf8mb4 COLLATE=utf8mb4_unicode_ci;
/*!40101 SET character_set_client = @saved_cs_client */;

--
-- Dumping data for table `profiles`
--

LOCK TABLES `profiles` WRITE;
/*!40000 ALTER TABLE `profiles` DISABLE KEYS */;
/*!40000 ALTER TABLE `profiles` ENABLE KEYS */;
UNLOCK TABLES;

--
-- Table structure for table `role_has_permissions`
--

DROP TABLE IF EXISTS `role_has_permissions`;
/*!40101 SET @saved_cs_client     = @@character_set_client */;
/*!50503 SET character_set_client = utf8mb4 */;
CREATE TABLE `role_has_permissions` (
  `permission_id` bigint unsigned NOT NULL,
  `role_id` bigint unsigned NOT NULL,
  PRIMARY KEY (`permission_id`,`role_id`),
  KEY `role_has_permissions_role_id_foreign` (`role_id`),
  CONSTRAINT `role_has_permissions_permission_id_foreign` FOREIGN KEY (`permission_id`) REFERENCES `permissions` (`id`) ON DELETE CASCADE,
  CONSTRAINT `role_has_permissions_role_id_foreign` FOREIGN KEY (`role_id`) REFERENCES `roles` (`id`) ON DELETE CASCADE
) ENGINE=InnoDB DEFAULT CHARSET=utf8mb4 COLLATE=utf8mb4_unicode_ci;
/*!40101 SET character_set_client = @saved_cs_client */;

--
-- Dumping data for table `role_has_permissions`
--

LOCK TABLES `role_has_permissions` WRITE;
/*!40000 ALTER TABLE `role_has_permissions` DISABLE KEYS */;
INSERT INTO `role_has_permissions` VALUES (1,2),(2,2),(3,2),(4,2),(5,2),(6,2),(7,2),(8,2),(9,2),(10,2),(11,2),(12,2),(13,2),(14,3),(15,3),(16,3),(17,3),(18,3),(19,3),(20,3),(21,3),(7,4),(11,4),(22,4),(23,4),(24,4),(25,4),(26,4),(27,4),(28,4),(29,4),(30,4);
/*!40000 ALTER TABLE `role_has_permissions` ENABLE KEYS */;
UNLOCK TABLES;

--
-- Table structure for table `roles`
--

DROP TABLE IF EXISTS `roles`;
/*!40101 SET @saved_cs_client     = @@character_set_client */;
/*!50503 SET character_set_client = utf8mb4 */;
CREATE TABLE `roles` (
  `id` bigint unsigned NOT NULL AUTO_INCREMENT,
  `name` varchar(255) CHARACTER SET utf8mb4 COLLATE utf8mb4_unicode_ci NOT NULL,
  `guard_name` varchar(255) CHARACTER SET utf8mb4 COLLATE utf8mb4_unicode_ci NOT NULL,
  `created_at` timestamp NULL DEFAULT NULL,
  `updated_at` timestamp NULL DEFAULT NULL,
  PRIMARY KEY (`id`),
  UNIQUE KEY `roles_name_guard_name_unique` (`name`,`guard_name`)
) ENGINE=InnoDB AUTO_INCREMENT=5 DEFAULT CHARSET=utf8mb4 COLLATE=utf8mb4_unicode_ci;
/*!40101 SET character_set_client = @saved_cs_client */;

--
-- Dumping data for table `roles`
--

LOCK TABLES `roles` WRITE;
/*!40000 ALTER TABLE `roles` DISABLE KEYS */;
INSERT INTO `roles` VALUES (1,'super_admin','web','2023-05-13 11:18:09','2023-05-13 11:18:09'),(2,'moderator','web','2023-05-13 11:18:09','2023-05-13 11:18:09'),(3,'author','web','2023-05-13 11:18:11','2023-05-13 11:18:11'),(4,'user','web','2023-05-13 11:18:12','2023-05-13 11:18:12');
/*!40000 ALTER TABLE `roles` ENABLE KEYS */;
UNLOCK TABLES;

--
-- Table structure for table `sources`
--

DROP TABLE IF EXISTS `sources`;
/*!40101 SET @saved_cs_client     = @@character_set_client */;
/*!50503 SET character_set_client = utf8mb4 */;
CREATE TABLE `sources` (
  `id` int unsigned NOT NULL AUTO_INCREMENT,
  `name` varchar(255) CHARACTER SET utf8mb4 COLLATE utf8mb4_unicode_ci NOT NULL,
  `url` varchar(255) CHARACTER SET utf8mb4 COLLATE utf8mb4_unicode_ci NOT NULL,
  `status` enum('ACTIVE','INACTIVE','BLOCKED') CHARACTER SET utf8mb4 COLLATE utf8mb4_unicode_ci NOT NULL DEFAULT 'ACTIVE',
  `created_at` timestamp NULL DEFAULT NULL,
  `updated_at` timestamp NULL DEFAULT NULL,
  PRIMARY KEY (`id`)
) ENGINE=InnoDB AUTO_INCREMENT=3 DEFAULT CHARSET=utf8mb4 COLLATE=utf8mb4_unicode_ci;
/*!40101 SET character_set_client = @saved_cs_client */;

--
-- Dumping data for table `sources`
--

LOCK TABLES `sources` WRITE;
/*!40000 ALTER TABLE `sources` DISABLE KEYS */;
INSERT INTO `sources` VALUES (1,'Kinonews','https://www.kinonews.ru/rss','ACTIVE','2023-05-13 11:18:16','2023-05-26 10:35:49'),(2,'FilmRU','https://www.film.ru/news','ACTIVE','2023-05-13 11:18:18','2023-05-26 10:35:49');
/*!40000 ALTER TABLE `sources` ENABLE KEYS */;
UNLOCK TABLES;

--
-- Table structure for table `taggable_taggables`
--

DROP TABLE IF EXISTS `taggable_taggables`;
/*!40101 SET @saved_cs_client     = @@character_set_client */;
/*!50503 SET character_set_client = utf8mb4 */;
CREATE TABLE `taggable_taggables` (
  `tag_id` bigint unsigned NOT NULL,
  `taggable_id` bigint unsigned NOT NULL,
  `taggable_type` varchar(255) CHARACTER SET utf8mb4 COLLATE utf8mb4_unicode_ci NOT NULL,
  `created_at` timestamp NULL DEFAULT NULL,
  `updated_at` timestamp NULL DEFAULT NULL,
  UNIQUE KEY `taggable_taggables_tag_id_taggable_id_taggable_type_unique` (`tag_id`,`taggable_id`,`taggable_type`),
  KEY `i_taggable_fwd` (`tag_id`,`taggable_id`),
  KEY `i_taggable_rev` (`taggable_id`,`tag_id`),
  KEY `i_taggable_type` (`taggable_type`)
) ENGINE=InnoDB DEFAULT CHARSET=utf8mb4 COLLATE=utf8mb4_unicode_ci;
/*!40101 SET character_set_client = @saved_cs_client */;

--
-- Dumping data for table `taggable_taggables`
--

LOCK TABLES `taggable_taggables` WRITE;
/*!40000 ALTER TABLE `taggable_taggables` DISABLE KEYS */;
/*!40000 ALTER TABLE `taggable_taggables` ENABLE KEYS */;
UNLOCK TABLES;

--
-- Table structure for table `taggable_tags`
--

DROP TABLE IF EXISTS `taggable_tags`;
/*!40101 SET @saved_cs_client     = @@character_set_client */;
/*!50503 SET character_set_client = utf8mb4 */;
CREATE TABLE `taggable_tags` (
  `tag_id` bigint unsigned NOT NULL AUTO_INCREMENT,
  `name` varchar(255) CHARACTER SET utf8mb4 COLLATE utf8mb4_unicode_ci NOT NULL,
  `slug` varchar(255) CHARACTER SET utf8mb4 COLLATE utf8mb4_unicode_ci NOT NULL,
  `normalized` varchar(255) CHARACTER SET utf8mb4 COLLATE utf8mb4_bin NOT NULL,
  `created_at` timestamp NULL DEFAULT NULL,
  `updated_at` timestamp NULL DEFAULT NULL,
  PRIMARY KEY (`tag_id`),
  UNIQUE KEY `taggable_tags_slug_unique` (`slug`),
  UNIQUE KEY `taggable_tags_normalized_unique` (`normalized`),
  KEY `taggable_tags_normalized_index` (`normalized`)
) ENGINE=InnoDB DEFAULT CHARSET=utf8mb4 COLLATE=utf8mb4_unicode_ci;
/*!40101 SET character_set_client = @saved_cs_client */;

--
-- Dumping data for table `taggable_tags`
--

LOCK TABLES `taggable_tags` WRITE;
/*!40000 ALTER TABLE `taggable_tags` DISABLE KEYS */;
/*!40000 ALTER TABLE `taggable_tags` ENABLE KEYS */;
UNLOCK TABLES;

--
-- Table structure for table `users`
--

DROP TABLE IF EXISTS `users`;
/*!40101 SET @saved_cs_client     = @@character_set_client */;
/*!50503 SET character_set_client = utf8mb4 */;
CREATE TABLE `users` (
  `id` bigint unsigned NOT NULL AUTO_INCREMENT,
  `name` varchar(255) CHARACTER SET utf8mb4 COLLATE utf8mb4_unicode_ci NOT NULL,
  `email` varchar(255) CHARACTER SET utf8mb4 COLLATE utf8mb4_unicode_ci NOT NULL,
  `email_verified_at` timestamp NULL DEFAULT NULL,
  `password` varchar(255) CHARACTER SET utf8mb4 COLLATE utf8mb4_unicode_ci NOT NULL,
  `remember_token` varchar(100) CHARACTER SET utf8mb4 COLLATE utf8mb4_unicode_ci DEFAULT NULL,
  `created_at` timestamp NULL DEFAULT NULL,
  `updated_at` timestamp NULL DEFAULT NULL,
  `love_reacter_id` bigint unsigned DEFAULT NULL,
  `deleted_at` timestamp NULL DEFAULT NULL,
  `active` tinyint(1) NOT NULL DEFAULT '1',
  PRIMARY KEY (`id`),
  UNIQUE KEY `users_email_unique` (`email`),
  KEY `users_love_reacter_id_foreign` (`love_reacter_id`),
  CONSTRAINT `users_love_reacter_id_foreign` FOREIGN KEY (`love_reacter_id`) REFERENCES `love_reacters` (`id`)
) ENGINE=InnoDB AUTO_INCREMENT=16 DEFAULT CHARSET=utf8mb4 COLLATE=utf8mb4_unicode_ci;
/*!40101 SET character_set_client = @saved_cs_client */;

--
-- Dumping data for table `users`
--

LOCK TABLES `users` WRITE;
/*!40000 ALTER TABLE `users` DISABLE KEYS */;
INSERT INTO `users` VALUES (1,'Admin','admin@admin.com',NULL,'$2y$10$G5dn0a3GgRgJ8do9PcY1vO6DXp//8COt1y5dDQ8ImecizoTJah9Su','gC4fhh9eoD4xVyqxfGfechXnZMu4yOSN3513VaBhsL2yoCUMQHdUSJRGZKxn','2023-05-12 21:00:00','2023-05-17 11:33:50',1,NULL,1),(2,'Moderator','moderator@admin.com',NULL,'$2y$10$4oy5lB0zzA6AsknZwKFEEuhGinGmoVDYjzxlobtivMrRNEXMmnJT2','DzqCftMET8u8g9idTpeQgS4I7bsq765NyHh4I0bXcO9HGXSPFEoV96rtGWm1','2023-05-13 11:18:15','2023-05-13 11:18:15',2,NULL,1),(3,'Author1','author1@admin.com',NULL,'$2y$10$XTRvCflPd2ty7PllfNRuEeGLiWTH5WoVEEH9oeDSXC1eR5dJKEKfS','DrOo5gePxbbo8ZiPJZVpYuke6O2liW1SVu8Sp1Ztk33ykWimVJKYfXEqtMtp','2023-05-13 11:18:15','2023-05-13 11:18:15',3,NULL,1),(4,'Author2','author2@admin.com',NULL,'$2y$10$s/pI9aAvqMhw6F1TEXkwp.jASfR/lvT9L/gUf1Jqhz7hkc134Gazm','wKdM88Pp7e5KNbHX1Luzp1BQ27o5NaS1EVRGqobHh2TdjNTdHXHVzKuj4EKw','2023-05-12 21:00:00','2023-05-17 11:35:34',4,NULL,1),(5,'User','user@admin.com',NULL,'$2y$10$Bhw5G48noprbtQZZKh61V.4JQo3xjLj2WXI55BwdDHc9vijWQdKUC','rKA57qOBMRS1fnVTsTYHz0Nfrmi7cFlwgodNC9wCsh7zu5jW9H5HLBI3w0jJ','2023-05-13 11:18:16','2023-05-13 11:18:16',5,NULL,1),(6,'Тесс','tess@author.com',NULL,'$2y$10$zSmGmmt.g1ZWINW37hBj/ecinyKINvYf5Yj2jgnbALPBhJQk/kONu',NULL,'2023-05-13 14:35:41','2023-05-13 14:35:41',6,NULL,1),(7,'Леди Кошка','lady@author.com',NULL,'$2y$10$SrCXE1TsYNKz6/d47MiDSuVHraaN8k5zfzBoIHqIm6DFvjBnxl4uu',NULL,'2023-05-13 14:37:04','2023-05-13 14:37:04',7,NULL,1),(8,'Джозефина','josefine@author.com',NULL,'$2y$10$uDv55h8kH1s.GHFGOPSj5eSuMfmIMT5fqkSyuB8Bs2nVEHMQkAfSi',NULL,'2023-05-13 14:38:33','2023-05-13 14:38:33',8,NULL,1),(9,'Grogu','grogu@author.com',NULL,'$2y$10$Xl.srdr1ghJOcCVBCNUNseqLKf0WuVAdrsp8T4ZndJ6uxjaNKap4i',NULL,'2023-05-13 14:39:48','2023-05-13 14:39:48',9,NULL,1),(10,'Gandalf','gendalf@author.com',NULL,'$2y$10$Ji3Hpi4ZKxziL6pO37NX0.0bTOFvQyQKxvG9wzO21U8ft8md.SED2',NULL,'2023-05-13 14:41:05','2023-05-13 14:41:05',10,NULL,1),(11,'Любовь и сериалы','lubov@author.com',NULL,'$2y$10$mvMfJ4l/GGnxjHDI4hyXreNoeX4erya4jf9zEtkm0dEixHlnef9dS',NULL,'2023-05-13 14:42:34','2023-05-13 14:42:34',11,NULL,1),(12,'Киноман','kinoman@author.com',NULL,'$2y$10$W6.RKVSNd2hdz6e5w8pXsurn/LeNFhp6gawbeRqgp2.hThyvoFZFq',NULL,'2023-05-13 14:43:50','2023-05-13 14:43:50',12,NULL,1),(13,'Дзера','dzera@author.com',NULL,'$2y$10$Wfpt3yKWI1PG4DuihSG.E.TeaTPUbo4fzUbHfm76u1G.xDaFV917m',NULL,'2023-05-13 14:45:01','2023-05-13 14:45:01',13,NULL,1),(14,'Ms.Detective','detective@author.com',NULL,'$2y$10$UHog5C/ENcrR1GnlBW2gpetivSzcrTzzMBgbWhmuCicDil/s3v5QS',NULL,'2023-05-13 14:46:22','2023-05-13 14:46:22',14,NULL,1),(15,'Ирина','test@gmail.com',NULL,'$2y$10$Y/Er6iZgzpKE.lZRXZ9Od.yXshEVVC2PVnQGiP6qaAsgIMVtwuYau',NULL,'2023-05-26 10:39:34','2023-05-26 11:05:18',15,'2023-05-26 11:05:18',1);
/*!40000 ALTER TABLE `users` ENABLE KEYS */;
UNLOCK TABLES;
/*!40103 SET TIME_ZONE=@OLD_TIME_ZONE */;

/*!40101 SET SQL_MODE=@OLD_SQL_MODE */;
/*!40014 SET FOREIGN_KEY_CHECKS=@OLD_FOREIGN_KEY_CHECKS */;
/*!40014 SET UNIQUE_CHECKS=@OLD_UNIQUE_CHECKS */;
/*!40101 SET CHARACTER_SET_CLIENT=@OLD_CHARACTER_SET_CLIENT */;
/*!40101 SET CHARACTER_SET_RESULTS=@OLD_CHARACTER_SET_RESULTS */;
/*!40101 SET COLLATION_CONNECTION=@OLD_COLLATION_CONNECTION */;
/*!40111 SET SQL_NOTES=@OLD_SQL_NOTES */;

-- Dump completed on 2023-05-27  1:16:43
